
> wowkeyb-be@1.33.5 fetch-icon-fdid:dev
> node --env-file .env.development src/scripts/fetchIconFdid.js 435

Starting fdid fetch script...
Will resume from index: 435
Connected to MongoDB
Found 29724 icons without fdid
Resuming from index 435

Processing 436/29724: Priest Heavanlyvoice (ability_priest_heavanlyvoice)
Fetching fdid for: ability_priest_heavanlyvoice - https://wago.tools/files?search=ability_priest_heavanlyvoice
Found fdid 458228 for ability_priest_heavanlyvoice
✓ Updated Priest Heavanlyvoice with fdid: 458228

Processing 437/29724: Priest Innerlightandshadow (ability_priest_innerlightandshadow)
Fetching fdid for: ability_priest_innerlightandshadow - https://wago.tools/files?search=ability_priest_innerlightandshadow
Found fdid 4226157 for ability_priest_innerlightandshadow
✓ Updated Priest Innerlightandshadow with fdid: 4226157

Processing 438/29724: Priest Phantasm (ability_priest_phantasm)
Fetching fdid for: ability_priest_phantasm - https://wago.tools/files?search=ability_priest_phantasm
Found fdid 614257 for ability_priest_phantasm
✓ Updated Priest Phantasm with fdid: 614257

Processing 439/29724: Priest Psychiclink (ability_priest_psychiclink)
Fetching fdid for: ability_priest_psychiclink - https://wago.tools/files?search=ability_priest_psychiclink
Found fdid 1445238 for ability_priest_psychiclink
✓ Updated Priest Psychiclink with fdid: 1445238

Processing 440/29724: Priest Pathofthedevout (ability_priest_pathofthedevout)
Fetching fdid for: ability_priest_pathofthedevout - https://wago.tools/files?search=ability_priest_pathofthedevout
Found fdid 612969 for ability_priest_pathofthedevout
✓ Updated Priest Pathofthedevout with fdid: 612969

Processing 441/29724: Priest Reflectiveshield (ability_priest_reflectiveshield)
Fetching fdid for: ability_priest_reflectiveshield - https://wago.tools/files?search=ability_priest_reflectiveshield
Found fdid 458412 for ability_priest_reflectiveshield
✓ Updated Priest Reflectiveshield with fdid: 458412

Processing 442/29724: Priest Savinggrace (ability_priest_savinggrace)
Fetching fdid for: ability_priest_savinggrace - https://wago.tools/files?search=ability_priest_savinggrace
Found fdid 1022949 for ability_priest_savinggrace
✓ Updated Priest Savinggrace with fdid: 1022949

Processing 443/29724: Priest Shadowyapparition (ability_priest_shadowyapparition)
Fetching fdid for: ability_priest_shadowyapparition - https://wago.tools/files?search=ability_priest_shadowyapparition
Found fdid 458229 for ability_priest_shadowyapparition
✓ Updated Priest Shadowyapparition with fdid: 458229

Processing 444/29724: Priest Thoughtsteal01 (ability_priest_thoughtsteal01)
Fetching fdid for: ability_priest_thoughtsteal01 - https://wago.tools/files?search=ability_priest_thoughtsteal01
Found fdid 3718862 for ability_priest_thoughtsteal01
✓ Updated Priest Thoughtsteal01 with fdid: 3718862

Processing 445/29724: Priest Surgeofdarkness (ability_priest_surgeofdarkness)
Fetching fdid for: ability_priest_surgeofdarkness - https://wago.tools/files?search=ability_priest_surgeofdarkness
Found fdid 633004 for ability_priest_surgeofdarkness
✓ Updated Priest Surgeofdarkness with fdid: 633004

Processing 446/29724: Priest Silence (ability_priest_silence)
Fetching fdid for: ability_priest_silence - https://wago.tools/files?search=ability_priest_silence
Found fdid 458230 for ability_priest_silence
✓ Updated Priest Silence with fdid: 458230

Processing 447/29724: Priest Rayofhope (ability_priest_rayofhope)
Fetching fdid for: ability_priest_rayofhope - https://wago.tools/files?search=ability_priest_rayofhope
Found fdid 1445239 for ability_priest_rayofhope
✓ Updated Priest Rayofhope with fdid: 1445239

Processing 448/29724: Priest Touchofdecay (ability_priest_touchofdecay)
Fetching fdid for: ability_priest_touchofdecay - https://wago.tools/files?search=ability_priest_touchofdecay
Found fdid 4067371 for ability_priest_touchofdecay
✓ Updated Priest Touchofdecay with fdid: 4067371

Processing 449/29724: Priest Soulwarding (ability_priest_soulwarding)
Fetching fdid for: ability_priest_soulwarding - https://wago.tools/files?search=ability_priest_soulwarding
Found fdid 458722 for ability_priest_soulwarding
✓ Updated Priest Soulwarding with fdid: 458722

Processing 450/29724: Priest Spiritoftheredeemer (ability_priest_spiritoftheredeemer)
Fetching fdid for: ability_priest_spiritoftheredeemer - https://wago.tools/files?search=ability_priest_spiritoftheredeemer
Found fdid 1445240 for ability_priest_spiritoftheredeemer
✓ Updated Priest Spiritoftheredeemer with fdid: 1445240

--- Progress Update ---
Processed: 450/29724
Success: 15, Errors: 0, Skipped: 0
Progress: 1.5%

Processing 451/29724: Priest Voidshift (ability_priest_voidshift)
Fetching fdid for: ability_priest_voidshift - https://wago.tools/files?search=ability_priest_voidshift
Found fdid 612099 for ability_priest_voidshift
✓ Updated Priest Voidshift with fdid: 612099

Processing 452/29724: Psychicassault (ability_psychicassault)
Fetching fdid for: ability_psychicassault - https://wago.tools/files?search=ability_psychicassault
Found fdid 1718004 for ability_psychicassault
✓ Updated Psychicassault with fdid: 1718004

Processing 453/29724: Priest Wordsofmeaning (ability_priest_wordsofmeaning)
Fetching fdid for: ability_priest_wordsofmeaning - https://wago.tools/files?search=ability_priest_wordsofmeaning
Found fdid 1022951 for ability_priest_wordsofmeaning
✓ Updated Priest Wordsofmeaning with fdid: 1022951

Processing 454/29724: Priest Voidentropy (ability_priest_voidentropy)
Fetching fdid for: ability_priest_voidentropy - https://wago.tools/files?search=ability_priest_voidentropy
Found fdid 1022950 for ability_priest_voidentropy
✓ Updated Priest Voidentropy with fdid: 1022950

Processing 455/29724: Pvp Innerrenewal (ability_pvp_innerrenewal)
Fetching fdid for: ability_pvp_innerrenewal - https://wago.tools/files?search=ability_pvp_innerrenewal
Found fdid 1322723 for ability_pvp_innerrenewal
✓ Updated Pvp Innerrenewal with fdid: 1322723

Processing 456/29724: Pvp Hardiness (ability_pvp_hardiness)
Fetching fdid for: ability_pvp_hardiness - https://wago.tools/files?search=ability_pvp_hardiness
Found fdid 1322721 for ability_pvp_hardiness
✓ Updated Pvp Hardiness with fdid: 1322721

Processing 457/29724: Pvp Softenedblows (ability_pvp_softenedblows)
Fetching fdid for: ability_pvp_softenedblows - https://wago.tools/files?search=ability_pvp_softenedblows
Found fdid 1322724 for ability_pvp_softenedblows
✓ Updated Pvp Softenedblows with fdid: 1322724

Processing 458/29724: Pvp Gladiatormedallion (ability_pvp_gladiatormedallion)
Fetching fdid for: ability_pvp_gladiatormedallion - https://wago.tools/files?search=ability_pvp_gladiatormedallion
Found fdid 1322720 for ability_pvp_gladiatormedallion
✓ Updated Pvp Gladiatormedallion with fdid: 1322720

Processing 459/29724: Pvp Initiation (ability_pvp_initiation)
Fetching fdid for: ability_pvp_initiation - https://wago.tools/files?search=ability_pvp_initiation
Found fdid 1322722 for ability_pvp_initiation
✓ Updated Pvp Initiation with fdid: 1322722

Processing 460/29724: Pvp Defenderoftheweak (ability_pvp_defenderoftheweak)
Fetching fdid for: ability_pvp_defenderoftheweak - https://wago.tools/files?search=ability_pvp_defenderoftheweak
Found fdid 1322719 for ability_pvp_defenderoftheweak
✓ Updated Pvp Defenderoftheweak with fdid: 1322719

Processing 461/29724: Racial Ancestralcall (ability_racial_ancestralcall)
Fetching fdid for: ability_racial_ancestralcall - https://wago.tools/files?search=ability_racial_ancestralcall
Found fdid 2021574 for ability_racial_ancestralcall
✓ Updated Racial Ancestralcall with fdid: 2021574

Processing 462/29724: Racial Avatar (ability_racial_avatar)
Fetching fdid for: ability_racial_avatar - https://wago.tools/files?search=ability_racial_avatar
Found fdid 132275 for ability_racial_avatar
✓ Updated Racial Avatar with fdid: 132275

Processing 463/29724: Racial Aberration (ability_racial_aberration)
Fetching fdid for: ability_racial_aberration - https://wago.tools/files?search=ability_racial_aberration
Found fdid 366936 for ability_racial_aberration
✓ Updated Racial Aberration with fdid: 366936

Processing 464/29724: Racial Arcaneaffinity (ability_racial_arcaneaffinity)
Fetching fdid for: ability_racial_arcaneaffinity - https://wago.tools/files?search=ability_racial_arcaneaffinity
Found fdid 1723986 for ability_racial_arcaneaffinity
✓ Updated Racial Arcaneaffinity with fdid: 1723986

Processing 465/29724: Racial Bestdealsanywhere (ability_racial_bestdealsanywhere)
Fetching fdid for: ability_racial_bestdealsanywhere - https://wago.tools/files?search=ability_racial_bestdealsanywhere
Found fdid 369760 for ability_racial_bestdealsanywhere
✓ Updated Racial Bestdealsanywhere with fdid: 369760

Processing 466/29724: Racial Ancienthistory (ability_racial_ancienthistory)
Fetching fdid for: ability_racial_ancienthistory - https://wago.tools/files?search=ability_racial_ancienthistory
Found fdid 1723985 for ability_racial_ancienthistory
✓ Updated Racial Ancienthistory with fdid: 1723985

Processing 467/29724: Racial Awakened (ability_racial_awakened)
Fetching fdid for: ability_racial_awakened - https://wago.tools/files?search=ability_racial_awakened
Found fdid 4622481 for ability_racial_awakened
✓ Updated Racial Awakened with fdid: 4622481

Processing 468/29724: Racial Bearform (ability_racial_bearform)
Fetching fdid for: ability_racial_bearform - https://wago.tools/files?search=ability_racial_bearform
Found fdid 132276 for ability_racial_bearform
✓ Updated Racial Bearform with fdid: 132276

Processing 469/29724: Racial Bagoftricks (ability_racial_bagoftricks)
Fetching fdid for: ability_racial_bagoftricks - https://wago.tools/files?search=ability_racial_bagoftricks
Found fdid 3193416 for ability_racial_bagoftricks
✓ Updated Racial Bagoftricks with fdid: 3193416

Processing 470/29724: Racial Betterlivingthroughchemistry (ability_racial_betterlivingthroughchemistry)
Fetching fdid for: ability_racial_betterlivingthroughchemistry - https://wago.tools/files?search=ability_racial_betterlivingthroughchemistry
Found fdid 370670 for ability_racial_betterlivingthroughchemistry
✓ Updated Racial Betterlivingthroughchemistry with fdid: 370670

Processing 471/29724: Racial Chillofnight (ability_racial_chillofnight)
Fetching fdid for: ability_racial_chillofnight - https://wago.tools/files?search=ability_racial_chillofnight
Found fdid 1723989 for ability_racial_chillofnight
✓ Updated Racial Chillofnight with fdid: 1723989

Processing 472/29724: Racial Combatanalysis (ability_racial_combatanalysis)
Fetching fdid for: ability_racial_combatanalysis - https://wago.tools/files?search=ability_racial_combatanalysis
Found fdid 3192685 for ability_racial_combatanalysis
✓ Updated Racial Combatanalysis with fdid: 3192685

Processing 473/29724: Racial Cannibalize (ability_racial_cannibalize)
Fetching fdid for: ability_racial_cannibalize - https://wago.tools/files?search=ability_racial_cannibalize
Found fdid 132278 for ability_racial_cannibalize
✓ Updated Racial Cannibalize with fdid: 132278

Processing 474/29724: Racial Childofthesea (ability_racial_childofthesea)
Fetching fdid for: ability_racial_childofthesea - https://wago.tools/files?search=ability_racial_childofthesea
Found fdid 2447781 for ability_racial_childofthesea
✓ Updated Racial Childofthesea with fdid: 2447781

Processing 475/29724: Racial Bullrush (ability_racial_bullrush)
Fetching fdid for: ability_racial_bullrush - https://wago.tools/files?search=ability_racial_bullrush
Found fdid 1723987 for ability_racial_bullrush
✓ Updated Racial Bullrush with fdid: 1723987

Processing 476/29724: Racial Chosenidentity (ability_racial_chosenidentity)
Fetching fdid for: ability_racial_chosenidentity - https://wago.tools/files?search=ability_racial_chosenidentity
Found fdid 4622482 for ability_racial_chosenidentity
✓ Updated Racial Chosenidentity with fdid: 4622482

Processing 477/29724: Racial Bloodrage (ability_racial_bloodrage)
Fetching fdid for: ability_racial_bloodrage - https://wago.tools/files?search=ability_racial_bloodrage
Found fdid 132277 for ability_racial_bloodrage
✓ Updated Racial Bloodrage with fdid: 132277

Processing 478/29724: Racial Cityofgold (ability_racial_cityofgold)
Fetching fdid for: ability_racial_cityofgold - https://wago.tools/files?search=ability_racial_cityofgold
Found fdid 1850547 for ability_racial_cityofgold
✓ Updated Racial Cityofgold with fdid: 1850547

Processing 479/29724: Racial Cantrips (ability_racial_cantrips)
Fetching fdid for: ability_racial_cantrips - https://wago.tools/files?search=ability_racial_cantrips
Found fdid 1723988 for ability_racial_cantrips
✓ Updated Racial Cantrips with fdid: 1723988

Processing 480/29724: Racial Brushitoff (ability_racial_brushitoff)
Fetching fdid for: ability_racial_brushitoff - https://wago.tools/files?search=ability_racial_brushitoff
Found fdid 2447780 for ability_racial_brushitoff
✓ Updated Racial Brushitoff with fdid: 2447780

Processing 481/29724: Racial Embraceoftheloa Kragwa (ability_racial_embraceoftheloa_kragwa)
Fetching fdid for: ability_racial_embraceoftheloa_kragwa - https://wago.tools/files?search=ability_racial_embraceoftheloa_kragwa
Found fdid 2446019 for ability_racial_embraceoftheloa_kragwa
✓ Updated Racial Embraceoftheloa Kragwa with fdid: 2446019

Processing 482/29724: Racial Dungeondelver (ability_racial_dungeondelver)
Fetching fdid for: ability_racial_dungeondelver - https://wago.tools/files?search=ability_racial_dungeondelver
Found fdid 1786405 for ability_racial_dungeondelver
✓ Updated Racial Dungeondelver with fdid: 1786405

Processing 483/29724: Racial Embraceoftheloa Bwonsomdi (ability_racial_embraceoftheloa_bwonsomdi)
Fetching fdid for: ability_racial_embraceoftheloa_bwonsomdi - https://wago.tools/files?search=ability_racial_embraceoftheloa_bwonsomdi
Found fdid 2446016 for ability_racial_embraceoftheloa_bwonsomdi
✓ Updated Racial Embraceoftheloa Bwonsomdi with fdid: 2446016

Processing 484/29724: Racial Demonbane (ability_racial_demonbane)
Fetching fdid for: ability_racial_demonbane - https://wago.tools/files?search=ability_racial_demonbane
Found fdid 1723990 for ability_racial_demonbane
✓ Updated Racial Demonbane with fdid: 1723990

Processing 485/29724: Racial Embraceoftheloa Gonk (ability_racial_embraceoftheloa_gonk)
Fetching fdid for: ability_racial_embraceoftheloa_gonk - https://wago.tools/files?search=ability_racial_embraceoftheloa_gonk
Found fdid 2446017 for ability_racial_embraceoftheloa_gonk
✓ Updated Racial Embraceoftheloa Gonk with fdid: 2446017

Processing 486/29724: Racial Embraceoftheloa Kimibul (ability_racial_embraceoftheloa_kimibul)
Fetching fdid for: ability_racial_embraceoftheloa_kimibul - https://wago.tools/files?search=ability_racial_embraceoftheloa_kimibul
Found fdid 2446018 for ability_racial_embraceoftheloa_kimibul
✓ Updated Racial Embraceoftheloa Kimibul with fdid: 2446018

Processing 487/29724: Racial Darkflight (ability_racial_darkflight)
Fetching fdid for: ability_racial_darkflight - https://wago.tools/files?search=ability_racial_darkflight
Found fdid 366937 for ability_racial_darkflight
✓ Updated Racial Darkflight with fdid: 366937

Processing 488/29724: Racial Dispelillusions (ability_racial_dispelillusions)
Fetching fdid for: ability_racial_dispelillusions - https://wago.tools/files?search=ability_racial_dispelillusions
Found fdid 1723991 for ability_racial_dispelillusions
✓ Updated Racial Dispelillusions with fdid: 1723991

Processing 489/29724: Racial Embraceoftheloa Akuna (ability_racial_embraceoftheloa_akuna)
Fetching fdid for: ability_racial_embraceoftheloa_akuna - https://wago.tools/files?search=ability_racial_embraceoftheloa_akuna
Found fdid 2446015 for ability_racial_embraceoftheloa_akuna
✓ Updated Racial Embraceoftheloa Akuna with fdid: 2446015

Processing 490/29724: Racial Embraceoftheloa Paku (ability_racial_embraceoftheloa_paku)
Fetching fdid for: ability_racial_embraceoftheloa_paku - https://wago.tools/files?search=ability_racial_embraceoftheloa_paku
Found fdid 2446020 for ability_racial_embraceoftheloa_paku
✓ Updated Racial Embraceoftheloa Paku with fdid: 2446020

Processing 491/29724: Racial Embracetheloa (ability_racial_embracetheloa)
Fetching fdid for: ability_racial_embracetheloa - https://wago.tools/files?search=ability_racial_embracetheloa
Found fdid 1850548 for ability_racial_embracetheloa
✓ Updated Racial Embracetheloa with fdid: 1850548

Processing 492/29724: Racial Etherealconnection (ability_racial_etherealconnection)
Fetching fdid for: ability_racial_etherealconnection - https://wago.tools/files?search=ability_racial_etherealconnection
Found fdid 1723993 for ability_racial_etherealconnection
✓ Updated Racial Etherealconnection with fdid: 1723993

Processing 493/29724: Racial Finalverdict (ability_racial_finalverdict)
Fetching fdid for: ability_racial_finalverdict - https://wago.tools/files?search=ability_racial_finalverdict
Found fdid 1723994 for ability_racial_finalverdict
✓ Updated Racial Finalverdict with fdid: 1723994

Processing 494/29724: Racial Entropicembrace (ability_racial_entropicembrace)
Fetching fdid for: ability_racial_entropicembrace - https://wago.tools/files?search=ability_racial_entropicembrace
Found fdid 1723992 for ability_racial_entropicembrace
✓ Updated Racial Entropicembrace with fdid: 1723992

Processing 495/29724: Racial Familiarskies (ability_racial_familiarskies)
Fetching fdid for: ability_racial_familiarskies - https://wago.tools/files?search=ability_racial_familiarskies
Found fdid 4622483 for ability_racial_familiarskies
✓ Updated Racial Familiarskies with fdid: 4622483

Processing 496/29724: Racial Fireblood (ability_racial_fireblood)
Fetching fdid for: ability_racial_fireblood - https://wago.tools/files?search=ability_racial_fireblood
Found fdid 1786406 for ability_racial_fireblood
✓ Updated Racial Fireblood with fdid: 1786406

Processing 497/29724: Racial Flayer (ability_racial_flayer)
Fetching fdid for: ability_racial_flayer - https://wago.tools/files?search=ability_racial_flayer
Found fdid 366938 for ability_racial_flayer
✓ Updated Racial Flayer with fdid: 366938

Processing 498/29724: Racial Foregedinflames (ability_racial_foregedinflames)
Fetching fdid for: ability_racial_foregedinflames - https://wago.tools/files?search=ability_racial_foregedinflames
Found fdid 1786407 for ability_racial_foregedinflames
✓ Updated Racial Foregedinflames with fdid: 1786407

Processing 499/29724: Racial Forceshield (ability_racial_forceshield)
Fetching fdid for: ability_racial_forceshield - https://wago.tools/files?search=ability_racial_forceshield
Found fdid 1851463 for ability_racial_forceshield
✓ Updated Racial Forceshield with fdid: 1851463

Processing 500/29724: Racial Fireresist (ability_racial_fireresist)
Fetching fdid for: ability_racial_fireresist - https://wago.tools/files?search=ability_racial_fireresist
Found fdid 3193417 for ability_racial_fireresist
✓ Updated Racial Fireresist with fdid: 3193417

--- Progress Update ---
Processed: 500/29724
Success: 65, Errors: 0, Skipped: 0
Progress: 1.7%

Processing 501/29724: Racial Magicalresistance (ability_racial_magicalresistance)
Fetching fdid for: ability_racial_magicalresistance - https://wago.tools/files?search=ability_racial_magicalresistance
Found fdid 1723997 for ability_racial_magicalresistance
✓ Updated Racial Magicalresistance with fdid: 1723997

Processing 502/29724: Racial Glide (ability_racial_glide)
Fetching fdid for: ability_racial_glide - https://wago.tools/files?search=ability_racial_glide
Found fdid 4622484 for ability_racial_glide
✓ Updated Racial Glide with fdid: 4622484

Processing 503/29724: Racial Haymaker (ability_racial_haymaker)
Fetching fdid for: ability_racial_haymaker - https://wago.tools/files?search=ability_racial_haymaker
Found fdid 2447782 for ability_racial_haymaker
✓ Updated Racial Haymaker with fdid: 2447782

Processing 504/29724: Racial Hyperorganiclightoriginator (ability_racial_hyperorganiclightoriginator)
Fetching fdid for: ability_racial_hyperorganiclightoriginator - https://wago.tools/files?search=ability_racial_hyperorganiclightoriginator
Found fdid 3192686 for ability_racial_hyperorganiclightoriginator
✓ Updated Racial Hyperorganiclightoriginator with fdid: 3192686

Processing 505/29724: Racial Forgeoflight (ability_racial_forgeoflight)
Fetching fdid for: ability_racial_forgeoflight - https://wago.tools/files?search=ability_racial_forgeoflight
Found fdid 1723995 for ability_racial_forgeoflight
✓ Updated Racial Forgeoflight with fdid: 1723995

Processing 506/29724: Racial Holyresistance (ability_racial_holyresistance)
Fetching fdid for: ability_racial_holyresistance - https://wago.tools/files?search=ability_racial_holyresistance
Found fdid 1723996 for ability_racial_holyresistance
✓ Updated Racial Holyresistance with fdid: 1723996

Processing 507/29724: Racial Massproduction (ability_racial_massproduction)
Fetching fdid for: ability_racial_massproduction - https://wago.tools/files?search=ability_racial_massproduction
Found fdid 1786408 for ability_racial_massproduction
✓ Updated Racial Massproduction with fdid: 1786408

Processing 508/29724: Racial Makecamp (ability_racial_makecamp)
Fetching fdid for: ability_racial_makecamp - https://wago.tools/files?search=ability_racial_makecamp
Found fdid 3193418 for ability_racial_makecamp
✓ Updated Racial Makecamp with fdid: 3193418

Processing 509/29724: Racial Masquerade (ability_racial_masquerade)
Fetching fdid for: ability_racial_masquerade - https://wago.tools/files?search=ability_racial_masquerade
Found fdid 1723998 for ability_racial_masquerade
✓ Updated Racial Masquerade with fdid: 1723998

Processing 510/29724: Racial Jackofalltrades (ability_racial_jackofalltrades)
Fetching fdid for: ability_racial_jackofalltrades - https://wago.tools/files?search=ability_racial_jackofalltrades
Found fdid 2447783 for ability_racial_jackofalltrades
✓ Updated Racial Jackofalltrades with fdid: 2447783

Processing 511/29724: Racial Mountaineer (ability_racial_mountaineer)
Fetching fdid for: ability_racial_mountaineer - https://wago.tools/files?search=ability_racial_mountaineer
Found fdid 1723999 for ability_racial_mountaineer
✓ Updated Racial Mountaineer with fdid: 1723999

Processing 512/29724: Racial Nosefortrouble (ability_racial_nosefortrouble)
Fetching fdid for: ability_racial_nosefortrouble - https://wago.tools/files?search=ability_racial_nosefortrouble
Found fdid 3193419 for ability_racial_nosefortrouble
✓ Updated Racial Nosefortrouble with fdid: 3193419

Processing 513/29724: Racial Molemachine (ability_racial_molemachine)
Fetching fdid for: ability_racial_molemachine - https://wago.tools/files?search=ability_racial_molemachine
Found fdid 1786409 for ability_racial_molemachine
✓ Updated Racial Molemachine with fdid: 1786409

Processing 514/29724: Racial Preturnaturalcalm (ability_racial_preturnaturalcalm)
Fetching fdid for: ability_racial_preturnaturalcalm - https://wago.tools/files?search=ability_racial_preturnaturalcalm
Found fdid 1724001 for ability_racial_preturnaturalcalm
✓ Updated Racial Preturnaturalcalm with fdid: 1724001

Processing 515/29724: Racial Mastercraft (ability_racial_mastercraft)
Fetching fdid for: ability_racial_mastercraft - https://wago.tools/files?search=ability_racial_mastercraft
Found fdid 3192687 for ability_racial_mastercraft
✓ Updated Racial Mastercraft with fdid: 3192687

Processing 516/29724: Racial Openskies (ability_racial_openskies)
Fetching fdid for: ability_racial_openskies - https://wago.tools/files?search=ability_racial_openskies
Found fdid 2021575 for ability_racial_openskies
✓ Updated Racial Openskies with fdid: 2021575

Processing 517/29724: Racial Packhobgoblin (ability_racial_packhobgoblin)
Fetching fdid for: ability_racial_packhobgoblin - https://wago.tools/files?search=ability_racial_packhobgoblin
Found fdid 370211 for ability_racial_packhobgoblin
✓ Updated Racial Packhobgoblin with fdid: 370211

Processing 518/29724: Racial Orbitalstrike (ability_racial_orbitalstrike)
Fetching fdid for: ability_racial_orbitalstrike - https://wago.tools/files?search=ability_racial_orbitalstrike
Found fdid 1724000 for ability_racial_orbitalstrike
✓ Updated Racial Orbitalstrike with fdid: 1724000

Processing 519/29724: Racial Prideofironhorn (ability_racial_prideofironhorn)
Fetching fdid for: ability_racial_prideofironhorn - https://wago.tools/files?search=ability_racial_prideofironhorn
Found fdid 1724002 for ability_racial_prideofironhorn
✓ Updated Racial Prideofironhorn with fdid: 1724002

Processing 520/29724: Racial Pterrordaxswoop (ability_racial_pterrordaxswoop)
Fetching fdid for: ability_racial_pterrordaxswoop - https://wago.tools/files?search=ability_racial_pterrordaxswoop
Found fdid 1850549 for ability_racial_pterrordaxswoop
✓ Updated Racial Pterrordaxswoop with fdid: 1850549

Processing 521/29724: Racial Rearm (ability_racial_rearm)
Fetching fdid for: ability_racial_rearm - https://wago.tools/files?search=ability_racial_rearm
Found fdid 3192688 for ability_racial_rearm
✓ Updated Racial Rearm with fdid: 3192688

Processing 522/29724: Racial Returntocamp (ability_racial_returntocamp)
Fetching fdid for: ability_racial_returntocamp - https://wago.tools/files?search=ability_racial_returntocamp
Found fdid 3193420 for ability_racial_returntocamp
✓ Updated Racial Returntocamp with fdid: 3193420

Processing 523/29724: Racial Ruggedtenacity (ability_racial_ruggedtenacity)
Fetching fdid for: ability_racial_ruggedtenacity - https://wago.tools/files?search=ability_racial_ruggedtenacity
Found fdid 1724003 for ability_racial_ruggedtenacity
✓ Updated Racial Ruggedtenacity with fdid: 1724003

Processing 524/29724: Racial Rocketjump (ability_racial_rocketjump)
Fetching fdid for: ability_racial_rocketjump - https://wago.tools/files?search=ability_racial_rocketjump
Found fdid 370769 for ability_racial_rocketjump
✓ Updated Racial Rocketjump with fdid: 370769

Processing 525/29724: Racial Rocketbarrage (ability_racial_rocketbarrage)
Fetching fdid for: ability_racial_rocketbarrage - https://wago.tools/files?search=ability_racial_rocketbarrage
Found fdid 369278 for ability_racial_rocketbarrage
✓ Updated Racial Rocketbarrage with fdid: 369278

Processing 526/29724: Racial Rimeoftheancientmariner (ability_racial_rimeoftheancientmariner)
Fetching fdid for: ability_racial_rimeoftheancientmariner - https://wago.tools/files?search=ability_racial_rimeoftheancientmariner
Found fdid 2447784 for ability_racial_rimeoftheancientmariner
✓ Updated Racial Rimeoftheancientmariner with fdid: 2447784

Processing 527/29724: Racial Pureblood (ability_racial_pureblood)
Fetching fdid for: ability_racial_pureblood - https://wago.tools/files?search=ability_racial_pureblood
Found fdid 2021576 for ability_racial_pureblood
✓ Updated Racial Pureblood with fdid: 2021576

Processing 528/29724: Racial Regeneratin (ability_racial_regeneratin)
Fetching fdid for: ability_racial_regeneratin - https://wago.tools/files?search=ability_racial_regeneratin
Found fdid 1850550 for ability_racial_regeneratin
✓ Updated Racial Regeneratin with fdid: 1850550

Processing 529/29724: Racial Runningwild (ability_racial_runningwild)
Fetching fdid for: ability_racial_runningwild - https://wago.tools/files?search=ability_racial_runningwild
Found fdid 514641 for ability_racial_runningwild
✓ Updated Racial Runningwild with fdid: 514641

Processing 530/29724: Racial Rummageyourbag (ability_racial_rummageyourbag)
Fetching fdid for: ability_racial_rummageyourbag - https://wago.tools/files?search=ability_racial_rummageyourbag
Found fdid 3193421 for ability_racial_rummageyourbag
✓ Updated Racial Rummageyourbag with fdid: 3193421

Processing 531/29724: Racial Sympatheticvigor (ability_racial_sympatheticvigor)
Fetching fdid for: ability_racial_sympatheticvigor - https://wago.tools/files?search=ability_racial_sympatheticvigor
Found fdid 2021577 for ability_racial_sympatheticvigor
✓ Updated Racial Sympatheticvigor with fdid: 2021577

Processing 532/29724: Racial Shadowmeld (ability_racial_shadowmeld)
Fetching fdid for: ability_racial_shadowmeld - https://wago.tools/files?search=ability_racial_shadowmeld
Found fdid 132279 for ability_racial_shadowmeld
✓ Updated Racial Shadowmeld with fdid: 132279

Processing 533/29724: Racial Spatialrift (ability_racial_spatialrift)
Fetching fdid for: ability_racial_spatialrift - https://wago.tools/files?search=ability_racial_spatialrift
Found fdid 1724004 for ability_racial_spatialrift
✓ Updated Racial Spatialrift with fdid: 1724004

Processing 534/29724: Racial Skeletonpinkie (ability_racial_skeletonpinkie)
Fetching fdid for: ability_racial_skeletonpinkie - https://wago.tools/files?search=ability_racial_skeletonpinkie
Found fdid 3192689 for ability_racial_skeletonpinkie
✓ Updated Racial Skeletonpinkie with fdid: 3192689

Processing 535/29724: Racial Soar (ability_racial_soar)
Fetching fdid for: ability_racial_soar - https://wago.tools/files?search=ability_racial_soar
Found fdid 4622485 for ability_racial_soar
✓ Updated Racial Soar with fdid: 4622485

Processing 536/29724: Racial Ultravision (ability_racial_ultravision)
Fetching fdid for: ability_racial_ultravision - https://wago.tools/files?search=ability_racial_ultravision
Found fdid 132280 for ability_racial_ultravision
✓ Updated Racial Ultravision with fdid: 132280

Processing 537/29724: Racial Tailswipe (ability_racial_tailswipe)
Fetching fdid for: ability_racial_tailswipe - https://wago.tools/files?search=ability_racial_tailswipe
Found fdid 4622486 for ability_racial_tailswipe
✓ Updated Racial Tailswipe with fdid: 4622486

Processing 538/29724: Racial Viciousness (ability_racial_viciousness)
Fetching fdid for: ability_racial_viciousness - https://wago.tools/files?search=ability_racial_viciousness
Found fdid 366940 for ability_racial_viciousness
✓ Updated Racial Viciousness with fdid: 366940

Processing 539/29724: Racial Timeismoney (ability_racial_timeismoney)
Fetching fdid for: ability_racial_timeismoney - https://wago.tools/files?search=ability_racial_timeismoney
Found fdid 369214 for ability_racial_timeismoney
✓ Updated Racial Timeismoney with fdid: 369214

Processing 540/29724: Racial Twoforms (ability_racial_twoforms)
Fetching fdid for: ability_racial_twoforms - https://wago.tools/files?search=ability_racial_twoforms
Found fdid 366939 for ability_racial_twoforms
✓ Updated Racial Twoforms with fdid: 366939

Processing 541/29724: Racial Visage (ability_racial_visage)
Fetching fdid for: ability_racial_visage - https://wago.tools/files?search=ability_racial_visage
Found fdid 4622487 for ability_racial_visage
✓ Updated Racial Visage with fdid: 4622487

Processing 542/29724: Racial Wastenotwantnot (ability_racial_wastenotwantnot)
Fetching fdid for: ability_racial_wastenotwantnot - https://wago.tools/files?search=ability_racial_wastenotwantnot
Found fdid 1724005 for ability_racial_wastenotwantnot
✓ Updated Racial Wastenotwantnot with fdid: 1724005

Processing 543/29724: Racial Wardoftheloafire (ability_racial_wardoftheloafire)
Fetching fdid for: ability_racial_wardoftheloafire - https://wago.tools/files?search=ability_racial_wardoftheloafire
Found fdid 2446022 for ability_racial_wardoftheloafire
✓ Updated Racial Wardoftheloafire with fdid: 2446022

Processing 544/29724: Racial Vulperasurvivalkit (ability_racial_vulperasurvivalkit)
Fetching fdid for: ability_racial_vulperasurvivalkit - https://wago.tools/files?search=ability_racial_vulperasurvivalkit
Found fdid 3193422 for ability_racial_vulperasurvivalkit
✓ Updated Racial Vulperasurvivalkit with fdid: 3193422

Processing 545/29724: Racial Wardoftheloa (ability_racial_wardoftheloa)
Fetching fdid for: ability_racial_wardoftheloa - https://wago.tools/files?search=ability_racial_wardoftheloa
Found fdid 1850551 for ability_racial_wardoftheloa
✓ Updated Racial Wardoftheloa with fdid: 1850551

Processing 546/29724: Racial Wardoftheloaholy (ability_racial_wardoftheloaholy)
Fetching fdid for: ability_racial_wardoftheloaholy - https://wago.tools/files?search=ability_racial_wardoftheloaholy
Found fdid 2446024 for ability_racial_wardoftheloaholy
✓ Updated Racial Wardoftheloaholy with fdid: 2446024

Processing 547/29724: Racial Wardoftheloaarcane (ability_racial_wardoftheloaarcane)
Fetching fdid for: ability_racial_wardoftheloaarcane - https://wago.tools/files?search=ability_racial_wardoftheloaarcane
Found fdid 2446021 for ability_racial_wardoftheloaarcane
✓ Updated Racial Wardoftheloaarcane with fdid: 2446021

Processing 548/29724: Racial Wardoftheloafrost (ability_racial_wardoftheloafrost)
Fetching fdid for: ability_racial_wardoftheloafrost - https://wago.tools/files?search=ability_racial_wardoftheloafrost
Found fdid 2446023 for ability_racial_wardoftheloafrost
✓ Updated Racial Wardoftheloafrost with fdid: 2446023

Processing 549/29724: Racial Wardoftheloanature (ability_racial_wardoftheloanature)
Fetching fdid for: ability_racial_wardoftheloanature - https://wago.tools/files?search=ability_racial_wardoftheloanature
Found fdid 2446025 for ability_racial_wardoftheloanature
✓ Updated Racial Wardoftheloanature with fdid: 2446025

Processing 550/29724: Racial Wardoftheloashadow (ability_racial_wardoftheloashadow)
Fetching fdid for: ability_racial_wardoftheloashadow - https://wago.tools/files?search=ability_racial_wardoftheloashadow
Found fdid 2446026 for ability_racial_wardoftheloashadow
✓ Updated Racial Wardoftheloashadow with fdid: 2446026

--- Progress Update ---
Processed: 550/29724
Success: 115, Errors: 0, Skipped: 0
Progress: 1.9%

Processing 551/29724: Revendreth Monk (ability_revendreth_monk)
Fetching fdid for: ability_revendreth_monk - https://wago.tools/files?search=ability_revendreth_monk
Found fdid 3565721 for ability_revendreth_monk
✓ Updated Revendreth Monk with fdid: 3565721

Processing 552/29724: Revendreth Druid (ability_revendreth_druid)
Fetching fdid for: ability_revendreth_druid - https://wago.tools/files?search=ability_revendreth_druid
Found fdid 3565718 for ability_revendreth_druid
✓ Updated Revendreth Druid with fdid: 3565718

Processing 553/29724: Revendreth Mage (ability_revendreth_mage)
Fetching fdid for: ability_revendreth_mage - https://wago.tools/files?search=ability_revendreth_mage
Found fdid 3565720 for ability_revendreth_mage
✓ Updated Revendreth Mage with fdid: 3565720

Processing 554/29724: Revendreth Demon Hunter (ability_revendreth_demonhunter)
Fetching fdid for: ability_revendreth_demonhunter - https://wago.tools/files?search=ability_revendreth_demonhunter
Found fdid 3565717 for ability_revendreth_demonhunter
✓ Updated Revendreth Demon Hunter with fdid: 3565717

Processing 555/29724: Revendreth Priest (ability_revendreth_priest)
Fetching fdid for: ability_revendreth_priest - https://wago.tools/files?search=ability_revendreth_priest
Found fdid 3565723 for ability_revendreth_priest
✓ Updated Revendreth Priest with fdid: 3565723

Processing 556/29724: Repair (ability_repair)
Fetching fdid for: ability_repair - https://wago.tools/files?search=ability_repair
Found fdid 132281 for ability_repair
✓ Updated Repair with fdid: 132281

Processing 557/29724: Revendreth Hunter (ability_revendreth_hunter)
Fetching fdid for: ability_revendreth_hunter - https://wago.tools/files?search=ability_revendreth_hunter
Found fdid 3565719 for ability_revendreth_hunter
✓ Updated Revendreth Hunter with fdid: 3565719

Processing 558/29724: Revendreth Death Knight (ability_revendreth_deathknight)
Fetching fdid for: ability_revendreth_deathknight - https://wago.tools/files?search=ability_revendreth_deathknight
Found fdid 3565716 for ability_revendreth_deathknight
✓ Updated Revendreth Death Knight with fdid: 3565716

Processing 559/29724: Revendreth Paladin (ability_revendreth_paladin)
Fetching fdid for: ability_revendreth_paladin - https://wago.tools/files?search=ability_revendreth_paladin
Found fdid 3565722 for ability_revendreth_paladin
✓ Updated Revendreth Paladin with fdid: 3565722

Processing 560/29724: Racial Wingbuffet (ability_racial_wingbuffet)
Fetching fdid for: ability_racial_wingbuffet - https://wago.tools/files?search=ability_racial_wingbuffet
Found fdid 4622488 for ability_racial_wingbuffet
✓ Updated Racial Wingbuffet with fdid: 4622488

Processing 561/29724: Revendreth Warrior (ability_revendreth_warrior)
Fetching fdid for: ability_revendreth_warrior - https://wago.tools/files?search=ability_revendreth_warrior
Found fdid 3565727 for ability_revendreth_warrior
✓ Updated Revendreth Warrior with fdid: 3565727

Processing 562/29724: Rhyolith Lavapool (ability_rhyolith_lavapool)
Fetching fdid for: ability_rhyolith_lavapool - https://wago.tools/files?search=ability_rhyolith_lavapool
Found fdid 524794 for ability_rhyolith_lavapool
✓ Updated Rhyolith Lavapool with fdid: 524794

Processing 563/29724: Rewindtime (ability_rewindtime)
Fetching fdid for: ability_rewindtime - https://wago.tools/files?search=ability_rewindtime
Found fdid 531507 for ability_rewindtime
✓ Updated Rewindtime with fdid: 531507

Processing 564/29724: Rhyolith Magmaflow Wave (ability_rhyolith_magmaflow_wave)
Fetching fdid for: ability_rhyolith_magmaflow_wave - https://wago.tools/files?search=ability_rhyolith_magmaflow_wave
Found fdid 524795 for ability_rhyolith_magmaflow_wave
✓ Updated Rhyolith Magmaflow Wave with fdid: 524795

Processing 565/29724: Rhyolith Volcano (ability_rhyolith_volcano)
Fetching fdid for: ability_rhyolith_volcano - https://wago.tools/files?search=ability_rhyolith_volcano
Found fdid 524305 for ability_rhyolith_volcano
✓ Updated Rhyolith Volcano with fdid: 524305

Processing 566/29724: Revendreth Warlock (ability_revendreth_warlock)
Fetching fdid for: ability_revendreth_warlock - https://wago.tools/files?search=ability_revendreth_warlock
Found fdid 3565726 for ability_revendreth_warlock
✓ Updated Revendreth Warlock with fdid: 3565726

Processing 567/29724: Rhyolith Magmaflow Whole (ability_rhyolith_magmaflow_whole)
Fetching fdid for: ability_rhyolith_magmaflow_whole - https://wago.tools/files?search=ability_rhyolith_magmaflow_whole
Found fdid 524796 for ability_rhyolith_magmaflow_whole
✓ Updated Rhyolith Magmaflow Whole with fdid: 524796

Processing 568/29724: Revendreth Shaman (ability_revendreth_shaman)
Fetching fdid for: ability_revendreth_shaman - https://wago.tools/files?search=ability_revendreth_shaman
Found fdid 3565725 for ability_revendreth_shaman
✓ Updated Revendreth Shaman with fdid: 3565725

Processing 569/29724: Revendreth Rogue (ability_revendreth_rogue)
Fetching fdid for: ability_revendreth_rogue - https://wago.tools/files?search=ability_revendreth_rogue
Found fdid 3565724 for ability_revendreth_rogue
✓ Updated Revendreth Rogue with fdid: 3565724

Processing 570/29724: Rhyolith Immolation (ability_rhyolith_immolation)
Fetching fdid for: ability_rhyolith_immolation - https://wago.tools/files?search=ability_rhyolith_immolation
Found fdid 524793 for ability_rhyolith_immolation
✓ Updated Rhyolith Immolation with fdid: 524793

Processing 571/29724: Rogue Cannonballbarrage (ability_rogue_cannonballbarrage)
Fetching fdid for: ability_rogue_cannonballbarrage - https://wago.tools/files?search=ability_rogue_cannonballbarrage
Found fdid 1373903 for ability_rogue_cannonballbarrage
✓ Updated Rogue Cannonballbarrage with fdid: 1373903

Processing 572/29724: Rogue Cheatdeath (ability_rogue_cheatdeath)
Fetching fdid for: ability_rogue_cheatdeath - https://wago.tools/files?search=ability_rogue_cheatdeath
Found fdid 132285 for ability_rogue_cheatdeath
✓ Updated Rogue Cheatdeath with fdid: 132285

Processing 573/29724: Rogue Combatexpertisetga (ability_rogue_combatexpertisetga)
Fetching fdid for: ability_rogue_combatexpertisetga - https://wago.tools/files?search=ability_rogue_combatexpertisetga
Found fdid 458724 for ability_rogue_combatexpertisetga
✓ Updated Rogue Combatexpertisetga with fdid: 458724

Processing 574/29724: Rogue Bloodyeye (ability_rogue_bloodyeye)
Fetching fdid for: ability_rogue_bloodyeye - https://wago.tools/files?search=ability_rogue_bloodyeye
Found fdid 132284 for ability_rogue_bloodyeye
✓ Updated Rogue Bloodyeye with fdid: 132284

Processing 575/29724: Rogue Bladetwisting (ability_rogue_bladetwisting)
Fetching fdid for: ability_rogue_bladetwisting - https://wago.tools/files?search=ability_rogue_bladetwisting
Found fdid 132283 for ability_rogue_bladetwisting
✓ Updated Rogue Bladetwisting with fdid: 132283

Processing 576/29724: Rogue Combatexpertise (ability_rogue_combatexpertise)
Fetching fdid for: ability_rogue_combatexpertise - https://wago.tools/files?search=ability_rogue_combatexpertise
Found fdid 458723 for ability_rogue_combatexpertise
✓ Updated Rogue Combatexpertise with fdid: 458723

Processing 577/29724: Rogue Bloodsplatter (ability_rogue_bloodsplatter)
Fetching fdid for: ability_rogue_bloodsplatter - https://wago.tools/files?search=ability_rogue_bloodsplatter
Found fdid 236268 for ability_rogue_bloodsplatter
✓ Updated Rogue Bloodsplatter with fdid: 236268

Processing 578/29724: Rikkal Genetics (ability_rikkal_genetics)
Fetching fdid for: ability_rikkal_genetics - https://wago.tools/files?search=ability_rikkal_genetics
Found fdid 878216 for ability_rikkal_genetics
✓ Updated Rikkal Genetics with fdid: 878216

Processing 579/29724: Rogue Blackjack (ability_rogue_blackjack)
Fetching fdid for: ability_rogue_blackjack - https://wago.tools/files?search=ability_rogue_blackjack
Found fdid 458797 for ability_rogue_blackjack
✓ Updated Rogue Blackjack with fdid: 458797

Processing 580/29724: Rogue Ambush (ability_rogue_ambush)
Fetching fdid for: ability_rogue_ambush - https://wago.tools/files?search=ability_rogue_ambush
Found fdid 132282 for ability_rogue_ambush
✓ Updated Rogue Ambush with fdid: 132282

Processing 581/29724: Rogue Deadliness (ability_rogue_deadliness)
Fetching fdid for: ability_rogue_deadliness - https://wago.tools/files?search=ability_rogue_deadliness
Found fdid 458726 for ability_rogue_deadliness
✓ Updated Rogue Deadliness with fdid: 458726

Processing 582/29724: Rogue Controlisking (ability_rogue_controlisking)
Fetching fdid for: ability_rogue_controlisking - https://wago.tools/files?search=ability_rogue_controlisking
Found fdid 1398085 for ability_rogue_controlisking
✓ Updated Rogue Controlisking with fdid: 1398085

Processing 583/29724: Rogue Cuttothechase (ability_rogue_cuttothechase)
Fetching fdid for: ability_rogue_cuttothechase - https://wago.tools/files?search=ability_rogue_cuttothechase
Found fdid 236269 for ability_rogue_cuttothechase
✓ Updated Rogue Cuttothechase with fdid: 236269

Processing 584/29724: Rogue Deadenednerves (ability_rogue_deadenednerves)
Fetching fdid for: ability_rogue_deadenednerves - https://wago.tools/files?search=ability_rogue_deadenednerves
Found fdid 132286 for ability_rogue_deadenednerves
✓ Updated Rogue Deadenednerves with fdid: 132286

Processing 585/29724: Rogue Crimsonvial (ability_rogue_crimsonvial)
Fetching fdid for: ability_rogue_crimsonvial - https://wago.tools/files?search=ability_rogue_crimsonvial
Found fdid 1373904 for ability_rogue_crimsonvial
✓ Updated Rogue Crimsonvial with fdid: 1373904

Processing 586/29724: Rogue Creepingvenom (ability_rogue_creepingvenom)
Fetching fdid for: ability_rogue_creepingvenom - https://wago.tools/files?search=ability_rogue_creepingvenom
Found fdid 1398086 for ability_rogue_creepingvenom
✓ Updated Rogue Creepingvenom with fdid: 1398086

Processing 587/29724: Rogue Deathmark (ability_rogue_deathmark)
Fetching fdid for: ability_rogue_deathmark - https://wago.tools/files?search=ability_rogue_deathmark
Found fdid 4667421 for ability_rogue_deathmark
✓ Updated Rogue Deathmark with fdid: 4667421

Processing 588/29724: Rogue Deadlybrew (ability_rogue_deadlybrew)
Fetching fdid for: ability_rogue_deadlybrew - https://wago.tools/files?search=ability_rogue_deadlybrew
Found fdid 236270 for ability_rogue_deadlybrew
✓ Updated Rogue Deadlybrew with fdid: 236270

Processing 589/29724: Rogue Combatreadiness (ability_rogue_combatreadiness)
Fetching fdid for: ability_rogue_combatreadiness - https://wago.tools/files?search=ability_rogue_combatreadiness
Found fdid 458725 for ability_rogue_combatreadiness
✓ Updated Rogue Combatreadiness with fdid: 458725

Processing 590/29724: Rogue Deadlymomentum (ability_rogue_deadlymomentum)
Fetching fdid for: ability_rogue_deadlymomentum - https://wago.tools/files?search=ability_rogue_deadlymomentum
Found fdid 458727 for ability_rogue_deadlymomentum
✓ Updated Rogue Deadlymomentum with fdid: 458727

Processing 591/29724: Rogue Dirtydeeds (ability_rogue_dirtydeeds)
Fetching fdid for: ability_rogue_dirtydeeds - https://wago.tools/files?search=ability_rogue_dirtydeeds
Found fdid 460691 for ability_rogue_dirtydeeds
✓ Updated Rogue Dirtydeeds with fdid: 460691

Processing 592/29724: Rogue Dismantle (ability_rogue_dismantle)
Fetching fdid for: ability_rogue_dismantle - https://wago.tools/files?search=ability_rogue_dismantle
Found fdid 236272 for ability_rogue_dismantle
✓ Updated Rogue Dismantle with fdid: 236272

Processing 593/29724: Rogue Dualweild (ability_rogue_dualweild)
Fetching fdid for: ability_rogue_dualweild - https://wago.tools/files?search=ability_rogue_dualweild
Found fdid 132290 for ability_rogue_dualweild
✓ Updated Rogue Dualweild with fdid: 132290

Processing 594/29724: Rogue Energeticrecovery (ability_rogue_energeticrecovery)
Fetching fdid for: ability_rogue_energeticrecovery - https://wago.tools/files?search=ability_rogue_energeticrecovery
Found fdid 460905 for ability_rogue_energeticrecovery
✓ Updated Rogue Energeticrecovery with fdid: 460905

Processing 595/29724: Rogue Distract (ability_rogue_distract)
Fetching fdid for: ability_rogue_distract - https://wago.tools/files?search=ability_rogue_distract
Found fdid 132289 for ability_rogue_distract
✓ Updated Rogue Distract with fdid: 132289

Processing 596/29724: Rogue Deviouspoisons (ability_rogue_deviouspoisons)
Fetching fdid for: ability_rogue_deviouspoisons - https://wago.tools/files?search=ability_rogue_deviouspoisons
Found fdid 236271 for ability_rogue_deviouspoisons
✓ Updated Rogue Deviouspoisons with fdid: 236271

Processing 597/29724: Rogue Eviscerate (ability_rogue_eviscerate)
Fetching fdid for: ability_rogue_eviscerate - https://wago.tools/files?search=ability_rogue_eviscerate
Found fdid 132292 for ability_rogue_eviscerate
✓ Updated Rogue Eviscerate with fdid: 132292

Processing 598/29724: Rogue Disembowel (ability_rogue_disembowel)
Fetching fdid for: ability_rogue_disembowel - https://wago.tools/files?search=ability_rogue_disembowel
Found fdid 132287 for ability_rogue_disembowel
✓ Updated Rogue Disembowel with fdid: 132287

Processing 599/29724: Rogue Envelopingshadows (ability_rogue_envelopingshadows)
Fetching fdid for: ability_rogue_envelopingshadows - https://wago.tools/files?search=ability_rogue_envelopingshadows
Found fdid 132291 for ability_rogue_envelopingshadows
✓ Updated Rogue Envelopingshadows with fdid: 132291

Processing 600/29724: Rogue Disguise (ability_rogue_disguise)
Fetching fdid for: ability_rogue_disguise - https://wago.tools/files?search=ability_rogue_disguise
Found fdid 132288 for ability_rogue_disguise
✓ Updated Rogue Disguise with fdid: 132288

--- Progress Update ---
Processed: 600/29724
Success: 165, Errors: 0, Skipped: 0
Progress: 2.0%

Processing 601/29724: Rogue Grapplinghook (ability_rogue_grapplinghook)
Fetching fdid for: ability_rogue_grapplinghook - https://wago.tools/files?search=ability_rogue_grapplinghook
Found fdid 1373906 for ability_rogue_grapplinghook
✓ Updated Rogue Grapplinghook with fdid: 1373906

Processing 602/29724: Rogue Fanofknives (ability_rogue_fanofknives)
Fetching fdid for: ability_rogue_fanofknives - https://wago.tools/files?search=ability_rogue_fanofknives
Found fdid 236273 for ability_rogue_fanofknives
✓ Updated Rogue Fanofknives with fdid: 236273

Processing 603/29724: Rogue Feint (ability_rogue_feint)
Fetching fdid for: ability_rogue_feint - https://wago.tools/files?search=ability_rogue_feint
Found fdid 132294 for ability_rogue_feint
✓ Updated Rogue Feint with fdid: 132294

Processing 604/29724: Rogue Feigndeath (ability_rogue_feigndeath)
Fetching fdid for: ability_rogue_feigndeath - https://wago.tools/files?search=ability_rogue_feigndeath
Found fdid 132293 for ability_rogue_feigndeath
✓ Updated Rogue Feigndeath with fdid: 132293

Processing 605/29724: Rogue Ghostpirate (ability_rogue_ghostpirate)
Fetching fdid for: ability_rogue_ghostpirate - https://wago.tools/files?search=ability_rogue_ghostpirate
Found fdid 1373905 for ability_rogue_ghostpirate
✓ Updated Rogue Ghostpirate with fdid: 1373905

Processing 606/29724: Rogue Honoramongstthieves (ability_rogue_honoramongstthieves)
Fetching fdid for: ability_rogue_honoramongstthieves - https://wago.tools/files?search=ability_rogue_honoramongstthieves
Found fdid 236275 for ability_rogue_honoramongstthieves
✓ Updated Rogue Honoramongstthieves with fdid: 236275

Processing 607/29724: Rogue Garrote (ability_rogue_garrote)
Fetching fdid for: ability_rogue_garrote - https://wago.tools/files?search=ability_rogue_garrote
Found fdid 132297 for ability_rogue_garrote
✓ Updated Rogue Garrote with fdid: 132297

Processing 608/29724: Rogue Focusedattacks (ability_rogue_focusedattacks)
Fetching fdid for: ability_rogue_focusedattacks - https://wago.tools/files?search=ability_rogue_focusedattacks
Found fdid 236274 for ability_rogue_focusedattacks
✓ Updated Rogue Focusedattacks with fdid: 236274

Processing 609/29724: Rogue Findweakness (ability_rogue_findweakness)
Fetching fdid for: ability_rogue_findweakness - https://wago.tools/files?search=ability_rogue_findweakness
Found fdid 132295 for ability_rogue_findweakness
✓ Updated Rogue Findweakness with fdid: 132295

Processing 610/29724: Rogue Fleetfooted (ability_rogue_fleetfooted)
Fetching fdid for: ability_rogue_fleetfooted - https://wago.tools/files?search=ability_rogue_fleetfooted
Found fdid 132296 for ability_rogue_fleetfooted
✓ Updated Rogue Fleetfooted with fdid: 132296

Processing 611/29724: Rogue Improvedrecuperate (ability_rogue_improvedrecuperate)
Fetching fdid for: ability_rogue_improvedrecuperate - https://wago.tools/files?search=ability_rogue_improvedrecuperate
Found fdid 457635 for ability_rogue_improvedrecuperate
✓ Updated Rogue Improvedrecuperate with fdid: 457635

Processing 612/29724: Rogue Keepitrolling (ability_rogue_keepitrolling)
Fetching fdid for: ability_rogue_keepitrolling - https://wago.tools/files?search=ability_rogue_keepitrolling
Found fdid 4667423 for ability_rogue_keepitrolling
✓ Updated Rogue Keepitrolling with fdid: 4667423

Processing 613/29724: Rogue Nervesofsteel (ability_rogue_nervesofsteel)
Fetching fdid for: ability_rogue_nervesofsteel - https://wago.tools/files?search=ability_rogue_nervesofsteel
Found fdid 132300 for ability_rogue_nervesofsteel
✓ Updated Rogue Nervesofsteel with fdid: 132300

Processing 614/29724: Rogue Murderspree (ability_rogue_murderspree)
Fetching fdid for: ability_rogue_murderspree - https://wago.tools/files?search=ability_rogue_murderspree
Found fdid 236277 for ability_rogue_murderspree
✓ Updated Rogue Murderspree with fdid: 236277

Processing 615/29724: Rogue Imrovedrecuperate (ability_rogue_imrovedrecuperate)
Fetching fdid for: ability_rogue_imrovedrecuperate - https://wago.tools/files?search=ability_rogue_imrovedrecuperate
Found fdid 460692 for ability_rogue_imrovedrecuperate
✓ Updated Rogue Imrovedrecuperate with fdid: 460692

Processing 616/29724: Rogue Masterofsubtlety (ability_rogue_masterofsubtlety)
Fetching fdid for: ability_rogue_masterofsubtlety - https://wago.tools/files?search=ability_rogue_masterofsubtlety
Found fdid 132299 for ability_rogue_masterofsubtlety
✓ Updated Rogue Masterofsubtlety with fdid: 132299

Processing 617/29724: Rogue Hungerforblood (ability_rogue_hungerforblood)
Fetching fdid for: ability_rogue_hungerforblood - https://wago.tools/files?search=ability_rogue_hungerforblood
Found fdid 236276 for ability_rogue_hungerforblood
✓ Updated Rogue Hungerforblood with fdid: 236276

Processing 618/29724: Rogue Indiscriminatecarnage (ability_rogue_indiscriminatecarnage)
Fetching fdid for: ability_rogue_indiscriminatecarnage - https://wago.tools/files?search=ability_rogue_indiscriminatecarnage
Found fdid 4667422 for ability_rogue_indiscriminatecarnage
✓ Updated Rogue Indiscriminatecarnage with fdid: 4667422

Processing 619/29724: Rogue Nightblade (ability_rogue_nightblade)
Fetching fdid for: ability_rogue_nightblade - https://wago.tools/files?search=ability_rogue_nightblade
Found fdid 1373907 for ability_rogue_nightblade
✓ Updated Rogue Nightblade with fdid: 1373907

Processing 620/29724: Rogue Kidneyshot (ability_rogue_kidneyshot)
Fetching fdid for: ability_rogue_kidneyshot - https://wago.tools/files?search=ability_rogue_kidneyshot
Found fdid 132298 for ability_rogue_kidneyshot
✓ Updated Rogue Kidneyshot with fdid: 132298

Processing 621/29724: Rogue Quickrecovery (ability_rogue_quickrecovery)
Fetching fdid for: ability_rogue_quickrecovery - https://wago.tools/files?search=ability_rogue_quickrecovery
Found fdid 132301 for ability_rogue_quickrecovery
✓ Updated Rogue Quickrecovery with fdid: 132301

Processing 622/29724: Rogue Redirect (ability_rogue_redirect)
Fetching fdid for: ability_rogue_redirect - https://wago.tools/files?search=ability_rogue_redirect
Found fdid 458729 for ability_rogue_redirect
✓ Updated Rogue Redirect with fdid: 458729

Processing 623/29724: Rogue Plunderarmor (ability_rogue_plunderarmor)
Fetching fdid for: ability_rogue_plunderarmor - https://wago.tools/files?search=ability_rogue_plunderarmor
Found fdid 1398087 for ability_rogue_plunderarmor
✓ Updated Rogue Plunderarmor with fdid: 1398087

Processing 624/29724: Rogue Recuperate (ability_rogue_recuperate)
Fetching fdid for: ability_rogue_recuperate - https://wago.tools/files?search=ability_rogue_recuperate
Found fdid 458728 for ability_rogue_recuperate
✓ Updated Rogue Recuperate with fdid: 458728

Processing 625/29724: Rogue Restlessblades (ability_rogue_restlessblades)
Fetching fdid for: ability_rogue_restlessblades - https://wago.tools/files?search=ability_rogue_restlessblades
Found fdid 458731 for ability_rogue_restlessblades
✓ Updated Rogue Restlessblades with fdid: 458731

Processing 626/29724: Rogue Reinforcedleather (ability_rogue_reinforcedleather)
Fetching fdid for: ability_rogue_reinforcedleather - https://wago.tools/files?search=ability_rogue_reinforcedleather
Found fdid 458730 for ability_rogue_reinforcedleather
✓ Updated Rogue Reinforcedleather with fdid: 458730

Processing 627/29724: Rogue Preparation (ability_rogue_preparation)
Fetching fdid for: ability_rogue_preparation - https://wago.tools/files?search=ability_rogue_preparation
Found fdid 460693 for ability_rogue_preparation
✓ Updated Rogue Preparation with fdid: 460693

Processing 628/29724: Rogue Preyontheweak (ability_rogue_preyontheweak)
Fetching fdid for: ability_rogue_preyontheweak - https://wago.tools/files?search=ability_rogue_preyontheweak
Found fdid 236278 for ability_rogue_preyontheweak
✓ Updated Rogue Preyontheweak with fdid: 236278

Processing 629/29724: Rogue Pistolshot (ability_rogue_pistolshot)
Fetching fdid for: ability_rogue_pistolshot - https://wago.tools/files?search=ability_rogue_pistolshot
Found fdid 1373908 for ability_rogue_pistolshot
✓ Updated Rogue Pistolshot with fdid: 1373908

Processing 630/29724: Rogue Poisonedknife (ability_rogue_poisonedknife)
Fetching fdid for: ability_rogue_poisonedknife - https://wago.tools/files?search=ability_rogue_poisonedknife
Found fdid 1373909 for ability_rogue_poisonedknife
✓ Updated Rogue Poisonedknife with fdid: 1373909

Processing 631/29724: Rogue Rollthebones01 (ability_rogue_rollthebones01)
Fetching fdid for: ability_rogue_rollthebones01 - https://wago.tools/files?search=ability_rogue_rollthebones01
Found fdid 1269439 for ability_rogue_rollthebones01
✓ Updated Rogue Rollthebones01 with fdid: 1269439

Processing 632/29724: Rogue Ruthlessness (ability_rogue_ruthlessness)
Fetching fdid for: ability_rogue_ruthlessness - https://wago.tools/files?search=ability_rogue_ruthlessness
Found fdid 458732 for ability_rogue_ruthlessness
✓ Updated Rogue Ruthlessness with fdid: 458732

Processing 633/29724: Rogue Rollthebones06 (ability_rogue_rollthebones06)
Fetching fdid for: ability_rogue_rollthebones06 - https://wago.tools/files?search=ability_rogue_rollthebones06
Found fdid 1269444 for ability_rogue_rollthebones06
✓ Updated Rogue Rollthebones06 with fdid: 1269444

Processing 634/29724: Rogue Rollthebones05 (ability_rogue_rollthebones05)
Fetching fdid for: ability_rogue_rollthebones05 - https://wago.tools/files?search=ability_rogue_rollthebones05
Found fdid 1269443 for ability_rogue_rollthebones05
✓ Updated Rogue Rollthebones05 with fdid: 1269443

Processing 635/29724: Rogue Rollthebones04 (ability_rogue_rollthebones04)
Fetching fdid for: ability_rogue_rollthebones04 - https://wago.tools/files?search=ability_rogue_rollthebones04
Found fdid 1269442 for ability_rogue_rollthebones04
✓ Updated Rogue Rollthebones04 with fdid: 1269442

Processing 636/29724: Rogue Rollthebones03 (ability_rogue_rollthebones03)
Fetching fdid for: ability_rogue_rollthebones03 - https://wago.tools/files?search=ability_rogue_rollthebones03
Found fdid 1269441 for ability_rogue_rollthebones03
✓ Updated Rogue Rollthebones03 with fdid: 1269441

Processing 637/29724: Rogue Rollthebones (ability_rogue_rollthebones)
Fetching fdid for: ability_rogue_rollthebones - https://wago.tools/files?search=ability_rogue_rollthebones
Found fdid 1269439 for ability_rogue_rollthebones
✓ Updated Rogue Rollthebones with fdid: 1269439

Processing 638/29724: Rogue Rupture (ability_rogue_rupture)
Fetching fdid for: ability_rogue_rupture - https://wago.tools/files?search=ability_rogue_rupture
Found fdid 132302 for ability_rogue_rupture
✓ Updated Rogue Rupture with fdid: 132302

Processing 639/29724: Rogue Rollthebones02 (ability_rogue_rollthebones02)
Fetching fdid for: ability_rogue_rollthebones02 - https://wago.tools/files?search=ability_rogue_rollthebones02
Found fdid 1269440 for ability_rogue_rollthebones02
✓ Updated Rogue Rollthebones02 with fdid: 1269440

Processing 640/29724: Rogue Rollthebones07 (ability_rogue_rollthebones07)
Fetching fdid for: ability_rogue_rollthebones07 - https://wago.tools/files?search=ability_rogue_rollthebones07
Found fdid 1393014 for ability_rogue_rollthebones07
✓ Updated Rogue Rollthebones07 with fdid: 1393014

Processing 641/29724: Rogue Shroudofconcealment (ability_rogue_shroudofconcealment)
Fetching fdid for: ability_rogue_shroudofconcealment - https://wago.tools/files?search=ability_rogue_shroudofconcealment
Found fdid 635350 for ability_rogue_shroudofconcealment
✓ Updated Rogue Shroudofconcealment with fdid: 635350

Processing 642/29724: Rogue Sanguinaryvein (ability_rogue_sanguinaryvein)
Fetching fdid for: ability_rogue_sanguinaryvein - https://wago.tools/files?search=ability_rogue_sanguinaryvein
Found fdid 457636 for ability_rogue_sanguinaryvein
✓ Updated Rogue Sanguinaryvein with fdid: 457636

Processing 643/29724: Rogue Shuriken Storm (ability_rogue_shuriken storm)
Fetching fdid for: ability_rogue_shuriken storm - https://wago.tools/files?search=ability_rogue_shuriken%20storm
Found fdid 1373913 for ability_rogue_shuriken storm
✓ Updated Rogue Shuriken Storm with fdid: 1373913

Processing 644/29724: Rogue Sealfate (ability_rogue_sealfate)
Fetching fdid for: ability_rogue_sealfate - https://wago.tools/files?search=ability_rogue_sealfate
Found fdid 457637 for ability_rogue_sealfate
✓ Updated Rogue Sealfate with fdid: 457637

Processing 645/29724: Rogue Sabreslash (ability_rogue_sabreslash)
Fetching fdid for: ability_rogue_sabreslash - https://wago.tools/files?search=ability_rogue_sabreslash
Found fdid 1373911 for ability_rogue_sabreslash
✓ Updated Rogue Sabreslash with fdid: 1373911

Processing 646/29724: Rogue Shadowstep (ability_rogue_shadowstep)
Fetching fdid for: ability_rogue_shadowstep - https://wago.tools/files?search=ability_rogue_shadowstep
Found fdid 132303 for ability_rogue_shadowstep
✓ Updated Rogue Shadowstep with fdid: 132303

Processing 647/29724: Rogue Shadowstrikes (ability_rogue_shadowstrikes)
Fetching fdid for: ability_rogue_shadowstrikes - https://wago.tools/files?search=ability_rogue_shadowstrikes
Found fdid 132304 for ability_rogue_shadowstrikes
✓ Updated Rogue Shadowstrikes with fdid: 132304

Processing 648/29724: Rogue Shadowstrike (ability_rogue_shadowstrike)
Fetching fdid for: ability_rogue_shadowstrike - https://wago.tools/files?search=ability_rogue_shadowstrike
Found fdid 132304 for ability_rogue_shadowstrike
✓ Updated Rogue Shadowstrike with fdid: 132304

Processing 649/29724: Rogue Shadowdance (ability_rogue_shadowdance)
Fetching fdid for: ability_rogue_shadowdance - https://wago.tools/files?search=ability_rogue_shadowdance
Found fdid 236279 for ability_rogue_shadowdance
✓ Updated Rogue Shadowdance with fdid: 236279

Processing 650/29724: Rogue Shadowyduel (ability_rogue_shadowyduel)
Fetching fdid for: ability_rogue_shadowyduel - https://wago.tools/files?search=ability_rogue_shadowyduel
Found fdid 1398088 for ability_rogue_shadowyduel
✓ Updated Rogue Shadowyduel with fdid: 1398088

--- Progress Update ---
Processed: 650/29724
Success: 215, Errors: 0, Skipped: 0
Progress: 2.2%

Processing 651/29724: Rogue Shurikenstorm (ability_rogue_shurikenstorm)
Fetching fdid for: ability_rogue_shurikenstorm - https://wago.tools/files?search=ability_rogue_shurikenstorm
Found fdid 1373913 for ability_rogue_shurikenstorm
✓ Updated Rogue Shurikenstorm with fdid: 1373913

Processing 652/29724: Rogue Smoke (ability_rogue_smoke)
Fetching fdid for: ability_rogue_smoke - https://wago.tools/files?search=ability_rogue_smoke
Found fdid 458733 for ability_rogue_smoke
✓ Updated Rogue Smoke with fdid: 458733

Processing 653/29724: Rogue Slicedice (ability_rogue_slicedice)
Fetching fdid for: ability_rogue_slicedice - https://wago.tools/files?search=ability_rogue_slicedice
Found fdid 132306 for ability_rogue_slicedice
✓ Updated Rogue Slicedice with fdid: 132306

Processing 654/29724: Rogue Sprint (ability_rogue_sprint)
Fetching fdid for: ability_rogue_sprint - https://wago.tools/files?search=ability_rogue_sprint
Found fdid 132307 for ability_rogue_sprint
✓ Updated Rogue Sprint with fdid: 132307

Processing 655/29724: Rogue Sinistercalling (ability_rogue_sinistercalling)
Fetching fdid for: ability_rogue_sinistercalling - https://wago.tools/files?search=ability_rogue_sinistercalling
Found fdid 132305 for ability_rogue_sinistercalling
✓ Updated Rogue Sinistercalling with fdid: 132305

Processing 656/29724: Rogue Surpriseattack (ability_rogue_surpriseattack)
Fetching fdid for: ability_rogue_surpriseattack - https://wago.tools/files?search=ability_rogue_surpriseattack
Found fdid 132308 for ability_rogue_surpriseattack
✓ Updated Rogue Surpriseattack with fdid: 132308

Processing 657/29724: Rogue Slaughterfromtheshadows (ability_rogue_slaughterfromtheshadows)
Fetching fdid for: ability_rogue_slaughterfromtheshadows - https://wago.tools/files?search=ability_rogue_slaughterfromtheshadows
Found fdid 236280 for ability_rogue_slaughterfromtheshadows
✓ Updated Rogue Slaughterfromtheshadows with fdid: 236280

Processing 658/29724: Rogue Sturdyrecuperate (ability_rogue_sturdyrecuperate)
Fetching fdid for: ability_rogue_sturdyrecuperate - https://wago.tools/files?search=ability_rogue_sturdyrecuperate
Found fdid 458734 for ability_rogue_sturdyrecuperate
✓ Updated Rogue Sturdyrecuperate with fdid: 458734

Processing 659/29724: Rogue Stayofexecution (ability_rogue_stayofexecution)
Fetching fdid for: ability_rogue_stayofexecution - https://wago.tools/files?search=ability_rogue_stayofexecution
Found fdid 236281 for ability_rogue_stayofexecution
✓ Updated Rogue Stayofexecution with fdid: 236281

Processing 660/29724: Rogue Sprint Blue (ability_rogue_sprint_blue)
Fetching fdid for: ability_rogue_sprint_blue - https://wago.tools/files?search=ability_rogue_sprint_blue
Found fdid 965900 for ability_rogue_sprint_blue
✓ Updated Rogue Sprint Blue with fdid: 965900

Processing 661/29724: Rogue Surpriseattack2 (ability_rogue_surpriseattack2)
Fetching fdid for: ability_rogue_surpriseattack2 - https://wago.tools/files?search=ability_rogue_surpriseattack2
Found fdid 643249 for ability_rogue_surpriseattack2
✓ Updated Rogue Surpriseattack2 with fdid: 643249

Processing 662/29724: Rogue Throwingspecialization (ability_rogue_throwingspecialization)
Fetching fdid for: ability_rogue_throwingspecialization - https://wago.tools/files?search=ability_rogue_throwingspecialization
Found fdid 236282 for ability_rogue_throwingspecialization
✓ Updated Rogue Throwingspecialization with fdid: 236282

Processing 663/29724: Rogue Unfairadvantage (ability_rogue_unfairadvantage)
Fetching fdid for: ability_rogue_unfairadvantage - https://wago.tools/files?search=ability_rogue_unfairadvantage
Found fdid 236285 for ability_rogue_unfairadvantage
✓ Updated Rogue Unfairadvantage with fdid: 236285

Processing 664/29724: Rogue Venomouswounds (ability_rogue_venomouswounds)
Fetching fdid for: ability_rogue_venomouswounds - https://wago.tools/files?search=ability_rogue_venomouswounds
Found fdid 458736 for ability_rogue_venomouswounds
✓ Updated Rogue Venomouswounds with fdid: 458736

Processing 665/29724: Rogue Turnthetables (ability_rogue_turnthetables)
Fetching fdid for: ability_rogue_turnthetables - https://wago.tools/files?search=ability_rogue_turnthetables
Found fdid 236284 for ability_rogue_turnthetables
✓ Updated Rogue Turnthetables with fdid: 236284

Processing 666/29724: Rogue Vendetta (ability_rogue_vendetta)
Fetching fdid for: ability_rogue_vendetta - https://wago.tools/files?search=ability_rogue_vendetta
Found fdid 458735 for ability_rogue_vendetta
✓ Updated Rogue Vendetta with fdid: 458735

Processing 667/29724: Rogue Tricksofthetrade (ability_rogue_tricksofthetrade)
Fetching fdid for: ability_rogue_tricksofthetrade - https://wago.tools/files?search=ability_rogue_tricksofthetrade
Found fdid 236283 for ability_rogue_tricksofthetrade
✓ Updated Rogue Tricksofthetrade with fdid: 236283

Processing 668/29724: Rogue Trip (ability_rogue_trip)
Fetching fdid for: ability_rogue_trip - https://wago.tools/files?search=ability_rogue_trip
Found fdid 132309 for ability_rogue_trip
✓ Updated Rogue Trip with fdid: 132309

Processing 669/29724: Rogue Thiefsbargain (ability_rogue_thiefsbargain)
Fetching fdid for: ability_rogue_thiefsbargain - https://wago.tools/files?search=ability_rogue_thiefsbargain
Found fdid 1398090 for ability_rogue_thiefsbargain
✓ Updated Rogue Thiefsbargain with fdid: 1398090

Processing 670/29724: Rogue Systemshock (ability_rogue_systemshock)
Fetching fdid for: ability_rogue_systemshock - https://wago.tools/files?search=ability_rogue_systemshock
Found fdid 1398089 for ability_rogue_systemshock
✓ Updated Rogue Systemshock with fdid: 1398089

Processing 671/29724: Rogue Vigor (ability_rogue_vigor)
Fetching fdid for: ability_rogue_vigor - https://wago.tools/files?search=ability_rogue_vigor
Found fdid 458737 for ability_rogue_vigor
✓ Updated Rogue Vigor with fdid: 458737

Processing 672/29724: Rogue Versatility (ability_rogue_versatility)
Fetching fdid for: ability_rogue_versatility - https://wago.tools/files?search=ability_rogue_versatility
Found fdid 636277 for ability_rogue_versatility
✓ Updated Rogue Versatility with fdid: 636277

Processing 673/29724: Shaman Ascendance (ability_shaman_ascendance)
Fetching fdid for: ability_shaman_ascendance - https://wago.tools/files?search=ability_shaman_ascendance
Found fdid 643246 for ability_shaman_ascendance
✓ Updated Shaman Ascendance with fdid: 643246

Processing 674/29724: Shaman Astralshift (ability_shaman_astralshift)
Fetching fdid for: ability_shaman_astralshift - https://wago.tools/files?search=ability_shaman_astralshift
Found fdid 538565 for ability_shaman_astralshift
✓ Updated Shaman Astralshift with fdid: 538565

Processing 675/29724: Sap (ability_sap)
Fetching fdid for: ability_sap - https://wago.tools/files?search=ability_sap
Found fdid 132310 for ability_sap
✓ Updated Sap with fdid: 132310

Processing 676/29724: Rogue Wrongfullyaccused (ability_rogue_wrongfullyaccused)
Fetching fdid for: ability_rogue_wrongfullyaccused - https://wago.tools/files?search=ability_rogue_wrongfullyaccused
Found fdid 236287 for ability_rogue_wrongfullyaccused
✓ Updated Rogue Wrongfullyaccused with fdid: 236287

Processing 677/29724: Searingarrow (ability_searingarrow)
Fetching fdid for: ability_searingarrow - https://wago.tools/files?search=ability_searingarrow
Found fdid 132312 for ability_searingarrow
✓ Updated Searingarrow with fdid: 132312

Processing 678/29724: Seal (ability_seal)
Fetching fdid for: ability_seal - https://wago.tools/files?search=ability_seal
Found fdid 132311 for ability_seal
✓ Updated Seal with fdid: 132311

Processing 679/29724: Shaman Ancestralguidance (ability_shaman_ancestralguidance)
Fetching fdid for: ability_shaman_ancestralguidance - https://wago.tools/files?search=ability_shaman_ancestralguidance
Found fdid 538564 for ability_shaman_ancestralguidance
✓ Updated Shaman Ancestralguidance with fdid: 538564

Processing 680/29724: Rogue Waylay (ability_rogue_waylay)
Fetching fdid for: ability_rogue_waylay - https://wago.tools/files?search=ability_rogue_waylay
Found fdid 236286 for ability_rogue_waylay
✓ Updated Rogue Waylay with fdid: 236286

Processing 681/29724: Shaman Echooftheelements (ability_shaman_echooftheelements)
Fetching fdid for: ability_shaman_echooftheelements - https://wago.tools/files?search=ability_shaman_echooftheelements
Found fdid 538566 for ability_shaman_echooftheelements
✓ Updated Shaman Echooftheelements with fdid: 538566

Processing 682/29724: Shaman Cleansespirit (ability_shaman_cleansespirit)
Fetching fdid for: ability_shaman_cleansespirit - https://wago.tools/files?search=ability_shaman_cleansespirit
Found fdid 236288 for ability_shaman_cleansespirit
✓ Updated Shaman Cleansespirit with fdid: 236288

Processing 683/29724: Shaman Fortifyingwaters (ability_shaman_fortifyingwaters)
Fetching fdid for: ability_shaman_fortifyingwaters - https://wago.tools/files?search=ability_shaman_fortifyingwaters
Found fdid 538567 for ability_shaman_fortifyingwaters
✓ Updated Shaman Fortifyingwaters with fdid: 538567

Processing 684/29724: Shaman Lavalash (ability_shaman_lavalash)
Fetching fdid for: ability_shaman_lavalash - https://wago.tools/files?search=ability_shaman_lavalash
Found fdid 236289 for ability_shaman_lavalash
✓ Updated Shaman Lavalash with fdid: 236289

Processing 685/29724: Shaman Condensationtotem (ability_shaman_condensationtotem)
Fetching fdid for: ability_shaman_condensationtotem - https://wago.tools/files?search=ability_shaman_condensationtotem
Found fdid 971076 for ability_shaman_condensationtotem
✓ Updated Shaman Condensationtotem with fdid: 971076

Processing 686/29724: Shaman Manatidetotem (ability_shaman_manatidetotem)
Fetching fdid for: ability_shaman_manatidetotem - https://wago.tools/files?search=ability_shaman_manatidetotem
Found fdid 4667424 for ability_shaman_manatidetotem
✓ Updated Shaman Manatidetotem with fdid: 4667424

Processing 687/29724: Shaman Multitotemactivation (ability_shaman_multitotemactivation)
Fetching fdid for: ability_shaman_multitotemactivation - https://wago.tools/files?search=ability_shaman_multitotemactivation
Found fdid 538570 for ability_shaman_multitotemactivation
✓ Updated Shaman Multitotemactivation with fdid: 538570

Processing 688/29724: Shaman Healingtide (ability_shaman_healingtide)
Fetching fdid for: ability_shaman_healingtide - https://wago.tools/files?search=ability_shaman_healingtide
Found fdid 538569 for ability_shaman_healingtide
✓ Updated Shaman Healingtide with fdid: 538569

Processing 689/29724: Shaman Heroism (ability_shaman_heroism)
Fetching fdid for: ability_shaman_heroism - https://wago.tools/files?search=ability_shaman_heroism
Found fdid 132313 for ability_shaman_heroism
✓ Updated Shaman Heroism with fdid: 132313

Processing 690/29724: Shaman Freedomwolf (ability_shaman_freedomwolf)
Fetching fdid for: ability_shaman_freedomwolf - https://wago.tools/files?search=ability_shaman_freedomwolf
Found fdid 538568 for ability_shaman_freedomwolf
✓ Updated Shaman Freedomwolf with fdid: 538568

Processing 691/29724: Shaman Repulsiontotem (ability_shaman_repulsiontotem)
Fetching fdid for: ability_shaman_repulsiontotem - https://wago.tools/files?search=ability_shaman_repulsiontotem
Found fdid 538571 for ability_shaman_repulsiontotem
✓ Updated Shaman Repulsiontotem with fdid: 538571

Processing 692/29724: Shaman Stormstrike (ability_shaman_stormstrike)
Fetching fdid for: ability_shaman_stormstrike - https://wago.tools/files?search=ability_shaman_stormstrike
Found fdid 132314 for ability_shaman_stormstrike
✓ Updated Shaman Stormstrike with fdid: 132314

Processing 693/29724: Shaman Totemrelocation (ability_shaman_totemrelocation)
Fetching fdid for: ability_shaman_totemrelocation - https://wago.tools/files?search=ability_shaman_totemrelocation
Found fdid 538574 for ability_shaman_totemrelocation
✓ Updated Shaman Totemrelocation with fdid: 538574

Processing 694/29724: Shaman Tranquilmindtotem (ability_shaman_tranquilmindtotem)
Fetching fdid for: ability_shaman_tranquilmindtotem - https://wago.tools/files?search=ability_shaman_tranquilmindtotem
Found fdid 538575 for ability_shaman_tranquilmindtotem
✓ Updated Shaman Tranquilmindtotem with fdid: 538575

Processing 695/29724: Shaman Stonebulwark (ability_shaman_stonebulwark)
Fetching fdid for: ability_shaman_stonebulwark - https://wago.tools/files?search=ability_shaman_stonebulwark
Found fdid 538572 for ability_shaman_stonebulwark
✓ Updated Shaman Stonebulwark with fdid: 538572

Processing 696/29724: Shaman Totemcooldownrefund (ability_shaman_totemcooldownrefund)
Fetching fdid for: ability_shaman_totemcooldownrefund - https://wago.tools/files?search=ability_shaman_totemcooldownrefund
Found fdid 538573 for ability_shaman_totemcooldownrefund
✓ Updated Shaman Totemcooldownrefund with fdid: 538573

Processing 697/29724: Shaman Stoneskintotem (ability_shaman_stoneskintotem)
Fetching fdid for: ability_shaman_stoneskintotem - https://wago.tools/files?search=ability_shaman_stoneskintotem
Found fdid 4667425 for ability_shaman_stoneskintotem
✓ Updated Shaman Stoneskintotem with fdid: 4667425

Processing 698/29724: Shaman Windwalktotem (ability_shaman_windwalktotem)
Fetching fdid for: ability_shaman_windwalktotem - https://wago.tools/files?search=ability_shaman_windwalktotem
Found fdid 538576 for ability_shaman_windwalktotem
✓ Updated Shaman Windwalktotem with fdid: 538576

Processing 699/29724: Shaman Watershield (ability_shaman_watershield)
Fetching fdid for: ability_shaman_watershield - https://wago.tools/files?search=ability_shaman_watershield
Found fdid 132315 for ability_shaman_watershield
✓ Updated Shaman Watershield with fdid: 132315

Processing 700/29724: Shawaterelemental Reform (ability_shawaterelemental_reform)
Fetching fdid for: ability_shawaterelemental_reform - https://wago.tools/files?search=ability_shawaterelemental_reform
Found fdid 893777 for ability_shawaterelemental_reform
✓ Updated Shawaterelemental Reform with fdid: 893777

--- Progress Update ---
Processed: 700/29724
Success: 265, Errors: 0, Skipped: 0
Progress: 2.4%

Processing 701/29724: Siege Engineer Death From Above (ability_siege_engineer_death_from_above)
Fetching fdid for: ability_siege_engineer_death_from_above - https://wago.tools/files?search=ability_siege_engineer_death_from_above
Found fdid 892828 for ability_siege_engineer_death_from_above
✓ Updated Siege Engineer Death From Above with fdid: 892828

Processing 702/29724: Siege Engineer Magnetic Lasso (ability_siege_engineer_magnetic_lasso)
Fetching fdid for: ability_siege_engineer_magnetic_lasso - https://wago.tools/files?search=ability_siege_engineer_magnetic_lasso
Found fdid 896468 for ability_siege_engineer_magnetic_lasso
✓ Updated Siege Engineer Magnetic Lasso with fdid: 896468

Processing 703/29724: Siege Engineer Detonate (ability_siege_engineer_detonate)
Fetching fdid for: ability_siege_engineer_detonate - https://wago.tools/files?search=ability_siege_engineer_detonate
Found fdid 892829 for ability_siege_engineer_detonate
✓ Updated Siege Engineer Detonate with fdid: 892829

Processing 704/29724: Shawaterelemental Swirl (ability_shawaterelemental_swirl)
Fetching fdid for: ability_shawaterelemental_swirl - https://wago.tools/files?search=ability_shawaterelemental_swirl
Found fdid 893779 for ability_shawaterelemental_swirl
✓ Updated Shawaterelemental Swirl with fdid: 893779

Processing 705/29724: Siege Engineer Overload (ability_siege_engineer_overload)
Fetching fdid for: ability_siege_engineer_overload - https://wago.tools/files?search=ability_siege_engineer_overload
Found fdid 896469 for ability_siege_engineer_overload
✓ Updated Siege Engineer Overload with fdid: 896469

Processing 706/29724: Shockwave (ability_shockwave)
Fetching fdid for: ability_shockwave - https://wago.tools/files?search=ability_shockwave
Found fdid 132316 for ability_shockwave
✓ Updated Shockwave with fdid: 132316

Processing 707/29724: Siege Engineer Magnetic Crush (ability_siege_engineer_magnetic_crush)
Fetching fdid for: ability_siege_engineer_magnetic_crush - https://wago.tools/files?search=ability_siege_engineer_magnetic_crush
Found fdid 892830 for ability_siege_engineer_magnetic_crush
✓ Updated Siege Engineer Magnetic Crush with fdid: 892830

Processing 708/29724: Siege Engineer Automatic Repair Beam (ability_siege_engineer_automatic_repair_beam)
Fetching fdid for: ability_siege_engineer_automatic_repair_beam - https://wago.tools/files?search=ability_siege_engineer_automatic_repair_beam
Found fdid 892827 for ability_siege_engineer_automatic_repair_beam
✓ Updated Siege Engineer Automatic Repair Beam with fdid: 892827

Processing 709/29724: Shootwand (ability_shootwand)
Fetching fdid for: ability_shootwand - https://wago.tools/files?search=ability_shootwand
Found fdid 132317 for ability_shootwand
✓ Updated Shootwand with fdid: 132317

Processing 710/29724: Shawaterelemental Split (ability_shawaterelemental_split)
Fetching fdid for: ability_shawaterelemental_split - https://wago.tools/files?search=ability_shawaterelemental_split
Found fdid 893778 for ability_shawaterelemental_split
✓ Updated Shawaterelemental Split with fdid: 893778

Processing 711/29724: Siege Engineer Pattern Recognition (ability_siege_engineer_pattern_recognition)
Fetching fdid for: ability_siege_engineer_pattern_recognition - https://wago.tools/files?search=ability_siege_engineer_pattern_recognition
Found fdid 892831 for ability_siege_engineer_pattern_recognition
✓ Updated Siege Engineer Pattern Recognition with fdid: 892831

Processing 712/29724: Skyreach Empowered (ability_skyreach_empowered)
Fetching fdid for: ability_skyreach_empowered - https://wago.tools/files?search=ability_skyreach_empowered
Found fdid 1029581 for ability_skyreach_empowered
✓ Updated Skyreach Empowered with fdid: 1029581

Processing 713/29724: Siege Engineer Protective Frenzy (ability_siege_engineer_protective_frenzy)
Fetching fdid for: ability_siege_engineer_protective_frenzy - https://wago.tools/files?search=ability_siege_engineer_protective_frenzy
Found fdid 896470 for ability_siege_engineer_protective_frenzy
✓ Updated Siege Engineer Protective Frenzy with fdid: 896470

Processing 714/29724: Siege Engineer Purification Beam (ability_siege_engineer_purification_beam)
Fetching fdid for: ability_siege_engineer_purification_beam - https://wago.tools/files?search=ability_siege_engineer_purification_beam
Found fdid 892832 for ability_siege_engineer_purification_beam
✓ Updated Siege Engineer Purification Beam with fdid: 892832

Processing 715/29724: Siege Engineer Sockwave Missile (ability_siege_engineer_sockwave_missile)
Fetching fdid for: ability_siege_engineer_sockwave_missile - https://wago.tools/files?search=ability_siege_engineer_sockwave_missile
Found fdid 892833 for ability_siege_engineer_sockwave_missile
✓ Updated Siege Engineer Sockwave Missile with fdid: 892833

Processing 716/29724: Siege Engineer Superheated (ability_siege_engineer_superheated)
Fetching fdid for: ability_siege_engineer_superheated - https://wago.tools/files?search=ability_siege_engineer_superheated
Found fdid 892834 for ability_siege_engineer_superheated
✓ Updated Siege Engineer Superheated with fdid: 892834

Processing 717/29724: Skyreach Castdown (ability_skyreach_castdown)
Fetching fdid for: ability_skyreach_castdown - https://wago.tools/files?search=ability_skyreach_castdown
Found fdid 1029578 for ability_skyreach_castdown
✓ Updated Skyreach Castdown with fdid: 1029578

Processing 718/29724: Skyreach Empower (ability_skyreach_empower)
Fetching fdid for: ability_skyreach_empower - https://wago.tools/files?search=ability_skyreach_empower
Found fdid 1029580 for ability_skyreach_empower
✓ Updated Skyreach Empower with fdid: 1029580

Processing 719/29724: Skyreach Dismount (ability_skyreach_dismount)
Fetching fdid for: ability_skyreach_dismount - https://wago.tools/files?search=ability_skyreach_dismount
Found fdid 1029579 for ability_skyreach_dismount
✓ Updated Skyreach Dismount with fdid: 1029579

Processing 720/29724: Skeer Bloodletting (ability_skeer_bloodletting)
Fetching fdid for: ability_skeer_bloodletting - https://wago.tools/files?search=ability_skeer_bloodletting
Found fdid 878217 for ability_skeer_bloodletting
✓ Updated Skeer Bloodletting with fdid: 878217

Processing 721/29724: Skyreach Fourblades (ability_skyreach_fourblades)
Fetching fdid for: ability_skyreach_fourblades - https://wago.tools/files?search=ability_skyreach_fourblades
Found fdid 1029586 for ability_skyreach_fourblades
✓ Updated Skyreach Fourblades with fdid: 1029586

Processing 722/29724: Skyreach Lens Flare (ability_skyreach_lens_flare)
Fetching fdid for: ability_skyreach_lens_flare - https://wago.tools/files?search=ability_skyreach_lens_flare
Found fdid 1029587 for ability_skyreach_lens_flare
✓ Updated Skyreach Lens Flare with fdid: 1029587

Processing 723/29724: Skyreach Flash Bang (ability_skyreach_flash_bang)
Fetching fdid for: ability_skyreach_flash_bang - https://wago.tools/files?search=ability_skyreach_flash_bang
Found fdid 1029583 for ability_skyreach_flash_bang
✓ Updated Skyreach Flash Bang with fdid: 1029583

Processing 724/29724: Skyreach Four Wind (ability_skyreach_four_wind)
Fetching fdid for: ability_skyreach_four_wind - https://wago.tools/files?search=ability_skyreach_four_wind
Found fdid 1029585 for ability_skyreach_four_wind
✓ Updated Skyreach Four Wind with fdid: 1029585

Processing 725/29724: Skyreach Overwhelmed (ability_skyreach_overwhelmed)
Fetching fdid for: ability_skyreach_overwhelmed - https://wago.tools/files?search=ability_skyreach_overwhelmed
Found fdid 1029588 for ability_skyreach_overwhelmed
✓ Updated Skyreach Overwhelmed with fdid: 1029588

Processing 726/29724: Skyreach Energize (ability_skyreach_energize)
Fetching fdid for: ability_skyreach_energize - https://wago.tools/files?search=ability_skyreach_energize
Found fdid 1029582 for ability_skyreach_energize
✓ Updated Skyreach Energize with fdid: 1029582

Processing 727/29724: Skyreach Solar Burst (ability_skyreach_solar_burst)
Fetching fdid for: ability_skyreach_solar_burst - https://wago.tools/files?search=ability_skyreach_solar_burst
Found fdid 1029591 for ability_skyreach_solar_burst
✓ Updated Skyreach Solar Burst with fdid: 1029591

Processing 728/29724: Skyreach Flying Charge (ability_skyreach_flying_charge)
Fetching fdid for: ability_skyreach_flying_charge - https://wago.tools/files?search=ability_skyreach_flying_charge
Found fdid 1029584 for ability_skyreach_flying_charge
✓ Updated Skyreach Flying Charge with fdid: 1029584

Processing 729/29724: Skyreach Shielded (ability_skyreach_shielded)
Fetching fdid for: ability_skyreach_shielded - https://wago.tools/files?search=ability_skyreach_shielded
Found fdid 1029590 for ability_skyreach_shielded
✓ Updated Skyreach Shielded with fdid: 1029590

Processing 730/29724: Skyreach Piercing Rush (ability_skyreach_piercing_rush)
Fetching fdid for: ability_skyreach_piercing_rush - https://wago.tools/files?search=ability_skyreach_piercing_rush
Found fdid 1029589 for ability_skyreach_piercing_rush
✓ Updated Skyreach Piercing Rush with fdid: 1029589

Processing 731/29724: Socererking Arcanefortification (ability_socererking_arcanefortification)
Fetching fdid for: ability_socererking_arcanefortification - https://wago.tools/files?search=ability_socererking_arcanefortification
Found fdid 1041231 for ability_socererking_arcanefortification
✓ Updated Socererking Arcanefortification with fdid: 1041231

Processing 732/29724: Skyreach Wind (ability_skyreach_wind)
Fetching fdid for: ability_skyreach_wind - https://wago.tools/files?search=ability_skyreach_wind
Found fdid 1029585 for ability_skyreach_wind
✓ Updated Skyreach Wind with fdid: 1029585

Processing 733/29724: Socererking Arcaneacceleration (ability_socererking_arcaneacceleration)
Fetching fdid for: ability_socererking_arcaneacceleration - https://wago.tools/files?search=ability_socererking_arcaneacceleration
Found fdid 1041230 for ability_socererking_arcaneacceleration
✓ Updated Socererking Arcaneacceleration with fdid: 1041230

Processing 734/29724: Smash (ability_smash)
Fetching fdid for: ability_smash - https://wago.tools/files?search=ability_smash
Found fdid 132318 for ability_smash
✓ Updated Smash with fdid: 132318

Processing 735/29724: Skyreach Wind Wall (ability_skyreach_wind_wall)
Fetching fdid for: ability_skyreach_wind_wall - https://wago.tools/files?search=ability_skyreach_wind_wall
Found fdid 1029596 for ability_skyreach_wind_wall
✓ Updated Skyreach Wind Wall with fdid: 1029596

Processing 736/29724: Skyreach Swarm (ability_skyreach_swarm)
Fetching fdid for: ability_skyreach_swarm - https://wago.tools/files?search=ability_skyreach_swarm
Found fdid 1029594 for ability_skyreach_swarm
✓ Updated Skyreach Swarm with fdid: 1029594

Processing 737/29724: Skyreach Spinning Blade (ability_skyreach_spinning_blade)
Fetching fdid for: ability_skyreach_spinning_blade - https://wago.tools/files?search=ability_skyreach_spinning_blade
Found fdid 1029592 for ability_skyreach_spinning_blade
✓ Updated Skyreach Spinning Blade with fdid: 1029592

Processing 738/29724: Socererking Arcanemines (ability_socererking_arcanemines)
Fetching fdid for: ability_socererking_arcanemines - https://wago.tools/files?search=ability_socererking_arcanemines
Found fdid 1041232 for ability_socererking_arcanemines
✓ Updated Socererking Arcanemines with fdid: 1041232

Processing 739/29724: Socererking Arcanereplication (ability_socererking_arcanereplication)
Fetching fdid for: ability_socererking_arcanereplication - https://wago.tools/files?search=ability_socererking_arcanereplication
Found fdid 1041233 for ability_socererking_arcanereplication
✓ Updated Socererking Arcanereplication with fdid: 1041233

Processing 740/29724: Socererking Arcanereplication Nightborne (ability_socererking_arcanereplication_nightborne)
Fetching fdid for: ability_socererking_arcanereplication_nightborne - https://wago.tools/files?search=ability_socererking_arcanereplication_nightborne
Found fdid 1391678 for ability_socererking_arcanereplication_nightborne
✓ Updated Socererking Arcanereplication Nightborne with fdid: 1391678

Processing 741/29724: Steelmelee (ability_steelmelee)
Fetching fdid for: ability_steelmelee - https://wago.tools/files?search=ability_steelmelee
Found fdid 132321 for ability_steelmelee
✓ Updated Steelmelee with fdid: 132321

Processing 742/29724: Spy (ability_spy)
Fetching fdid for: ability_spy - https://wago.tools/files?search=ability_spy
Found fdid 132319 for ability_spy
✓ Updated Spy with fdid: 132319

Processing 743/29724: Suffocate (ability_suffocate)
Fetching fdid for: ability_suffocate - https://wago.tools/files?search=ability_suffocate
Found fdid 132322 for ability_suffocate
✓ Updated Suffocate with fdid: 132322

Processing 744/29724: Tetanus (ability_tetanus)
Fetching fdid for: ability_tetanus - https://wago.tools/files?search=ability_tetanus
Found fdid 575541 for ability_tetanus
✓ Updated Tetanus with fdid: 575541

Processing 745/29724: Socererking Arcanewrath (ability_socererking_arcanewrath)
Fetching fdid for: ability_socererking_arcanewrath - https://wago.tools/files?search=ability_socererking_arcanewrath
Found fdid 1041234 for ability_socererking_arcanewrath
✓ Updated Socererking Arcanewrath with fdid: 1041234

Processing 746/29724: Socererking Forcenova (ability_socererking_forcenova)
Fetching fdid for: ability_socererking_forcenova - https://wago.tools/files?search=ability_socererking_forcenova
Found fdid 1041235 for ability_socererking_forcenova
✓ Updated Socererking Forcenova with fdid: 1041235

Processing 747/29724: Stealth (ability_stealth)
Fetching fdid for: ability_stealth - https://wago.tools/files?search=ability_stealth
Found fdid 132320 for ability_stealth
✓ Updated Stealth with fdid: 132320

Processing 748/29724: Socererking Summonaberration (ability_socererking_summonaberration)
Fetching fdid for: ability_socererking_summonaberration - https://wago.tools/files?search=ability_socererking_summonaberration
Found fdid 1041236 for ability_socererking_summonaberration
✓ Updated Socererking Summonaberration with fdid: 1041236

Processing 749/29724: Tectonic Upheaval (ability_tectonic_upheaval)
Fetching fdid for: ability_tectonic_upheaval - https://wago.tools/files?search=ability_tectonic_upheaval
Found fdid 1016355 for ability_tectonic_upheaval
✓ Updated Tectonic Upheaval with fdid: 1016355

Processing 750/29724: Soulrenderdormazain Hellscream (ability_soulrenderdormazain_hellscream)
Fetching fdid for: ability_soulrenderdormazain_hellscream - https://wago.tools/files?search=ability_soulrenderdormazain_hellscream
Found fdid 4050664 for ability_soulrenderdormazain_hellscream
✓ Updated Soulrenderdormazain Hellscream with fdid: 4050664

--- Progress Update ---
Processed: 750/29724
Success: 315, Errors: 0, Skipped: 0
Progress: 2.5%

Processing 751/29724: Thunderking Decapitate (ability_thunderking_decapitate)
Fetching fdid for: ability_thunderking_decapitate - https://wago.tools/files?search=ability_thunderking_decapitate
Found fdid 839975 for ability_thunderking_decapitate
✓ Updated Thunderking Decapitate with fdid: 839975

Processing 752/29724: Thunderclap (ability_thunderclap)
Fetching fdid for: ability_thunderclap - https://wago.tools/files?search=ability_thunderclap
Found fdid 132326 for ability_thunderclap
✓ Updated Thunderclap with fdid: 132326

Processing 753/29724: Thunderking Balllightning (ability_thunderking_balllightning)
Fetching fdid for: ability_thunderking_balllightning - https://wago.tools/files?search=ability_thunderking_balllightning
Found fdid 839974 for ability_thunderking_balllightning
✓ Updated Thunderking Balllightning with fdid: 839974

Processing 754/29724: Thunderking Kickshell (ability_thunderking_kickshell)
Fetching fdid for: ability_thunderking_kickshell - https://wago.tools/files?search=ability_thunderking_kickshell
Found fdid 839976 for ability_thunderking_kickshell
✓ Updated Thunderking Kickshell with fdid: 839976

Processing 755/29724: Thunderking Lightningwhip (ability_thunderking_lightningwhip)
Fetching fdid for: ability_thunderking_lightningwhip - https://wago.tools/files?search=ability_thunderking_lightningwhip
Found fdid 839977 for ability_thunderking_lightningwhip
✓ Updated Thunderking Lightningwhip with fdid: 839977

Processing 756/29724: Throw (ability_throw)
Fetching fdid for: ability_throw - https://wago.tools/files?search=ability_throw
Found fdid 132324 for ability_throw
✓ Updated Throw with fdid: 132324

Processing 757/29724: Thunderking Overcharge (ability_thunderking_overcharge)
Fetching fdid for: ability_thunderking_overcharge - https://wago.tools/files?search=ability_thunderking_overcharge
Found fdid 839979 for ability_thunderking_overcharge
✓ Updated Thunderking Overcharge with fdid: 839979

Processing 758/29724: Thunderking Maim (ability_thunderking_maim)
Fetching fdid for: ability_thunderking_maim - https://wago.tools/files?search=ability_thunderking_maim
Found fdid 839978 for ability_thunderking_maim
✓ Updated Thunderking Maim with fdid: 839978

Processing 759/29724: Thunderbolt (ability_thunderbolt)
Fetching fdid for: ability_thunderbolt - https://wago.tools/files?search=ability_thunderbolt
Found fdid 132325 for ability_thunderbolt
✓ Updated Thunderbolt with fdid: 132325

Processing 760/29724: Theblackarrow (ability_theblackarrow)
Fetching fdid for: ability_theblackarrow - https://wago.tools/files?search=ability_theblackarrow
Found fdid 132323 for ability_theblackarrow
✓ Updated Theblackarrow with fdid: 132323

Processing 761/29724: Thunderking Rockfallhigh (ability_thunderking_rockfallhigh)
Fetching fdid for: ability_thunderking_rockfallhigh - https://wago.tools/files?search=ability_thunderking_rockfallhigh
Found fdid 839980 for ability_thunderking_rockfallhigh
✓ Updated Thunderking Rockfallhigh with fdid: 839980

Processing 762/29724: Titankeeper Amalgam (ability_titankeeper_amalgam)
Fetching fdid for: ability_titankeeper_amalgam - https://wago.tools/files?search=ability_titankeeper_amalgam
Found fdid 897129 for ability_titankeeper_amalgam
✓ Updated Titankeeper Amalgam with fdid: 897129

Processing 763/29724: Thunderking Thunderstruck (ability_thunderking_thunderstruck)
Fetching fdid for: ability_thunderking_thunderstruck - https://wago.tools/files?search=ability_thunderking_thunderstruck
Found fdid 839983 for ability_thunderking_thunderstruck
✓ Updated Thunderking Thunderstruck with fdid: 839983

Processing 764/29724: Titankeeper Corruptiondot (ability_titankeeper_corruptiondot)
Fetching fdid for: ability_titankeeper_corruptiondot - https://wago.tools/files?search=ability_titankeeper_corruptiondot
Found fdid 897133 for ability_titankeeper_corruptiondot
✓ Updated Titankeeper Corruptiondot with fdid: 897133

Processing 765/29724: Thunderking Spinningshell (ability_thunderking_spinningshell)
Fetching fdid for: ability_thunderking_spinningshell - https://wago.tools/files?search=ability_thunderking_spinningshell
Found fdid 839982 for ability_thunderking_spinningshell
✓ Updated Thunderking Spinningshell with fdid: 839982

Processing 766/29724: Titankeeper Expelcorruption (ability_titankeeper_expelcorruption)
Fetching fdid for: ability_titankeeper_expelcorruption - https://wago.tools/files?search=ability_titankeeper_expelcorruption
Found fdid 897134 for ability_titankeeper_expelcorruption
✓ Updated Titankeeper Expelcorruption with fdid: 897134

Processing 767/29724: Titankeeper Cleanse (ability_titankeeper_cleanse)
Fetching fdid for: ability_titankeeper_cleanse - https://wago.tools/files?search=ability_titankeeper_cleanse
Found fdid 897130 for ability_titankeeper_cleanse
✓ Updated Titankeeper Cleanse with fdid: 897130

Processing 768/29724: Titankeeper Corrupt (ability_titankeeper_corrupt)
Fetching fdid for: ability_titankeeper_corrupt - https://wago.tools/files?search=ability_titankeeper_corrupt
Found fdid 897132 for ability_titankeeper_corrupt
✓ Updated Titankeeper Corrupt with fdid: 897132

Processing 769/29724: Titankeeper Cleansingorb (ability_titankeeper_cleansingorb)
Fetching fdid for: ability_titankeeper_cleansingorb - https://wago.tools/files?search=ability_titankeeper_cleansingorb
Found fdid 897131 for ability_titankeeper_cleansingorb
✓ Updated Titankeeper Cleansingorb with fdid: 897131

Processing 770/29724: Thunderking Rockfalllow (ability_thunderking_rockfalllow)
Fetching fdid for: ability_thunderking_rockfalllow - https://wago.tools/files?search=ability_thunderking_rockfalllow
Found fdid 839981 for ability_thunderking_rockfalllow
✓ Updated Thunderking Rockfalllow with fdid: 839981

Processing 771/29724: Titankeeper Extractcorruption (ability_titankeeper_extractcorruption)
Fetching fdid for: ability_titankeeper_extractcorruption - https://wago.tools/files?search=ability_titankeeper_extractcorruption
Found fdid 897135 for ability_titankeeper_extractcorruption
✓ Updated Titankeeper Extractcorruption with fdid: 897135

Processing 772/29724: Titankeeper Titanicsmash (ability_titankeeper_titanicsmash)
Fetching fdid for: ability_titankeeper_titanicsmash - https://wago.tools/files?search=ability_titankeeper_titanicsmash
Found fdid 897142 for ability_titankeeper_titanicsmash
✓ Updated Titankeeper Titanicsmash with fdid: 897142

Processing 773/29724: Titankeeper Residualcorruption (ability_titankeeper_residualcorruption)
Fetching fdid for: ability_titankeeper_residualcorruption - https://wago.tools/files?search=ability_titankeeper_residualcorruption
Found fdid 897139 for ability_titankeeper_residualcorruption
✓ Updated Titankeeper Residualcorruption with fdid: 897139

Processing 774/29724: Titankeeper Piercingcorruption (ability_titankeeper_piercingcorruption)
Fetching fdid for: ability_titankeeper_piercingcorruption - https://wago.tools/files?search=ability_titankeeper_piercingcorruption
Found fdid 897137 for ability_titankeeper_piercingcorruption
✓ Updated Titankeeper Piercingcorruption with fdid: 897137

Processing 775/29724: Titankeeper Uncheckedcorruption (ability_titankeeper_uncheckedcorruption)
Fetching fdid for: ability_titankeeper_uncheckedcorruption - https://wago.tools/files?search=ability_titankeeper_uncheckedcorruption
Found fdid 897143 for ability_titankeeper_uncheckedcorruption
✓ Updated Titankeeper Uncheckedcorruption with fdid: 897143

Processing 776/29724: Titankeeper Phasing (ability_titankeeper_phasing)
Fetching fdid for: ability_titankeeper_phasing - https://wago.tools/files?search=ability_titankeeper_phasing
Found fdid 897136 for ability_titankeeper_phasing
✓ Updated Titankeeper Phasing with fdid: 897136

Processing 777/29724: Titankeeper Testofserenity (ability_titankeeper_testofserenity)
Fetching fdid for: ability_titankeeper_testofserenity - https://wago.tools/files?search=ability_titankeeper_testofserenity
Found fdid 897141 for ability_titankeeper_testofserenity
✓ Updated Titankeeper Testofserenity with fdid: 897141

Processing 778/29724: Titankeeper Testofconfidence (ability_titankeeper_testofconfidence)
Fetching fdid for: ability_titankeeper_testofconfidence - https://wago.tools/files?search=ability_titankeeper_testofconfidence
Found fdid 897140 for ability_titankeeper_testofconfidence
✓ Updated Titankeeper Testofconfidence with fdid: 897140

Processing 779/29724: Titankeeper Quarantine (ability_titankeeper_quarantine)
Fetching fdid for: ability_titankeeper_quarantine - https://wago.tools/files?search=ability_titankeeper_quarantine
Found fdid 897138 for ability_titankeeper_quarantine
✓ Updated Titankeeper Quarantine with fdid: 897138

Processing 780/29724: Touchofanimus (ability_touchofanimus)
Fetching fdid for: ability_touchofanimus - https://wago.tools/files?search=ability_touchofanimus
Found fdid 838814 for ability_touchofanimus
✓ Updated Touchofanimus with fdid: 838814

Processing 781/29724: Vehicle Electrocharge (ability_vehicle_electrocharge)
Fetching fdid for: ability_vehicle_electrocharge - https://wago.tools/files?search=ability_vehicle_electrocharge
Found fdid 252174 for ability_vehicle_electrocharge
✓ Updated Vehicle Electrocharge with fdid: 252174

Processing 782/29724: Toughness (ability_toughness)
Fetching fdid for: ability_toughness - https://wago.tools/files?search=ability_toughness
Found fdid 463829 for ability_toughness
✓ Updated Toughness with fdid: 463829

Processing 783/29724: Vehicle Demolisherram (ability_vehicle_demolisherram)
Fetching fdid for: ability_vehicle_demolisherram - https://wago.tools/files?search=ability_vehicle_demolisherram
Found fdid 252173 for ability_vehicle_demolisherram
✓ Updated Vehicle Demolisherram with fdid: 252173

Processing 784/29724: Upgrademoonglaive (ability_upgrademoonglaive)
Fetching fdid for: ability_upgrademoonglaive - https://wago.tools/files?search=ability_upgrademoonglaive
Found fdid 132330 for ability_upgrademoonglaive
✓ Updated Upgrademoonglaive with fdid: 132330

Processing 785/29724: Vehicle Launchplayer (ability_vehicle_launchplayer)
Fetching fdid for: ability_vehicle_launchplayer - https://wago.tools/files?search=ability_vehicle_launchplayer
Found fdid 252175 for ability_vehicle_launchplayer
✓ Updated Vehicle Launchplayer with fdid: 252175

Processing 786/29724: Townwatch (ability_townwatch)
Fetching fdid for: ability_townwatch - https://wago.tools/files?search=ability_townwatch
Found fdid 132327 for ability_townwatch
✓ Updated Townwatch with fdid: 132327

Processing 787/29724: Vanish (ability_vanish)
Fetching fdid for: ability_vanish - https://wago.tools/files?search=ability_vanish
Found fdid 132331 for ability_vanish
✓ Updated Vanish with fdid: 132331

Processing 788/29724: Vehicle Demolisherflamecatapult (ability_vehicle_demolisherflamecatapult)
Fetching fdid for: ability_vehicle_demolisherflamecatapult - https://wago.tools/files?search=ability_vehicle_demolisherflamecatapult
Found fdid 252172 for ability_vehicle_demolisherflamecatapult
✓ Updated Vehicle Demolisherflamecatapult with fdid: 252172

Processing 789/29724: Tracking (ability_tracking)
Fetching fdid for: ability_tracking - https://wago.tools/files?search=ability_tracking
Found fdid 132328 for ability_tracking
✓ Updated Tracking with fdid: 132328

Processing 790/29724: Trueshot (ability_trueshot)
Fetching fdid for: ability_trueshot - https://wago.tools/files?search=ability_trueshot
Found fdid 132329 for ability_trueshot
✓ Updated Trueshot with fdid: 132329

Processing 791/29724: Vehicle Liquidpyrite (ability_vehicle_liquidpyrite)
Fetching fdid for: ability_vehicle_liquidpyrite - https://wago.tools/files?search=ability_vehicle_liquidpyrite
Found fdid 252176 for ability_vehicle_liquidpyrite
✓ Updated Vehicle Liquidpyrite with fdid: 252176

Processing 792/29724: Vehicle Loadselfcatapult (ability_vehicle_loadselfcatapult)
Fetching fdid for: ability_vehicle_loadselfcatapult - https://wago.tools/files?search=ability_vehicle_loadselfcatapult
Found fdid 252177 for ability_vehicle_loadselfcatapult
✓ Updated Vehicle Loadselfcatapult with fdid: 252177

Processing 793/29724: Vehicle Oiljets (ability_vehicle_oiljets)
Fetching fdid for: ability_vehicle_oiljets - https://wago.tools/files?search=ability_vehicle_oiljets
Found fdid 252178 for ability_vehicle_oiljets
✓ Updated Vehicle Oiljets with fdid: 252178

Processing 794/29724: Vehicle Plaguebarrel (ability_vehicle_plaguebarrel)
Fetching fdid for: ability_vehicle_plaguebarrel - https://wago.tools/files?search=ability_vehicle_plaguebarrel
Found fdid 252179 for ability_vehicle_plaguebarrel
✓ Updated Vehicle Plaguebarrel with fdid: 252179

Processing 795/29724: Vehicle Powertowheels (ability_vehicle_powertowheels)
Fetching fdid for: ability_vehicle_powertowheels - https://wago.tools/files?search=ability_vehicle_powertowheels
Found fdid 252181 for ability_vehicle_powertowheels
✓ Updated Vehicle Powertowheels with fdid: 252181

Processing 796/29724: Vehicle Playerloaded (ability_vehicle_playerloaded)
Fetching fdid for: ability_vehicle_playerloaded - https://wago.tools/files?search=ability_vehicle_playerloaded
Found fdid 252180 for ability_vehicle_playerloaded
✓ Updated Vehicle Playerloaded with fdid: 252180

Processing 797/29724: Vehicle Rocketboost (ability_vehicle_rocketboost)
Fetching fdid for: ability_vehicle_rocketboost - https://wago.tools/files?search=ability_vehicle_rocketboost
Found fdid 252183 for ability_vehicle_rocketboost
✓ Updated Vehicle Rocketboost with fdid: 252183

Processing 798/29724: Vehicle Reloadammo (ability_vehicle_reloadammo)
Fetching fdid for: ability_vehicle_reloadammo - https://wago.tools/files?search=ability_vehicle_reloadammo
Found fdid 252182 for ability_vehicle_reloadammo
✓ Updated Vehicle Reloadammo with fdid: 252182

Processing 799/29724: Vehicle Liquidpyrite Blue (ability_vehicle_liquidpyrite_blue)
Fetching fdid for: ability_vehicle_liquidpyrite_blue - https://wago.tools/files?search=ability_vehicle_liquidpyrite_blue
Found fdid 511713 for ability_vehicle_liquidpyrite_blue
✓ Updated Vehicle Liquidpyrite Blue with fdid: 511713

Processing 800/29724: Vehicle Shellshieldgenerator (ability_vehicle_shellshieldgenerator)
Fetching fdid for: ability_vehicle_shellshieldgenerator - https://wago.tools/files?search=ability_vehicle_shellshieldgenerator
Found fdid 252184 for ability_vehicle_shellshieldgenerator
✓ Updated Vehicle Shellshieldgenerator with fdid: 252184

--- Progress Update ---
Processed: 800/29724
Success: 365, Errors: 0, Skipped: 0
Progress: 2.7%

Processing 801/29724: Venthyr Doorofshadows (ability_venthyr_doorofshadows)
Fetching fdid for: ability_venthyr_doorofshadows - https://wago.tools/files?search=ability_venthyr_doorofshadows
Found fdid 3586270 for ability_venthyr_doorofshadows
✓ Updated Venthyr Doorofshadows with fdid: 3586270

Processing 802/29724: Vehicle Siegeengineram (ability_vehicle_siegeengineram)
Fetching fdid for: ability_vehicle_siegeengineram - https://wago.tools/files?search=ability_vehicle_siegeengineram
Found fdid 252187 for ability_vehicle_siegeengineram
✓ Updated Vehicle Siegeengineram with fdid: 252187

Processing 803/29724: Vehicle Sonicshockwave (ability_vehicle_sonicshockwave)
Fetching fdid for: ability_vehicle_sonicshockwave - https://wago.tools/files?search=ability_vehicle_sonicshockwave
Found fdid 252188 for ability_vehicle_sonicshockwave
✓ Updated Vehicle Sonicshockwave with fdid: 252188

Processing 804/29724: Warlock Backdraftgreen (ability_warlock_backdraftgreen)
Fetching fdid for: ability_warlock_backdraftgreen - https://wago.tools/files?search=ability_warlock_backdraftgreen
Found fdid 840404 for ability_warlock_backdraftgreen
✓ Updated Warlock Backdraftgreen with fdid: 840404

Processing 805/29724: Vehicle Siegeenginecharge (ability_vehicle_siegeenginecharge)
Fetching fdid for: ability_vehicle_siegeenginecharge - https://wago.tools/files?search=ability_vehicle_siegeenginecharge
Found fdid 252186 for ability_vehicle_siegeenginecharge
✓ Updated Vehicle Siegeenginecharge with fdid: 252186

Processing 806/29724: Warlock Ancientgrimoire (ability_warlock_ancientgrimoire)
Fetching fdid for: ability_warlock_ancientgrimoire - https://wago.tools/files?search=ability_warlock_ancientgrimoire
Found fdid 460694 for ability_warlock_ancientgrimoire
✓ Updated Warlock Ancientgrimoire with fdid: 460694

Processing 807/29724: Vehicle Siegeenginecannon (ability_vehicle_siegeenginecannon)
Fetching fdid for: ability_vehicle_siegeenginecannon - https://wago.tools/files?search=ability_vehicle_siegeenginecannon
Found fdid 252185 for ability_vehicle_siegeenginecannon
✓ Updated Vehicle Siegeenginecannon with fdid: 252185

Processing 808/29724: Warlock Backdraft (ability_warlock_backdraft)
Fetching fdid for: ability_warlock_backdraft - https://wago.tools/files?search=ability_warlock_backdraft
Found fdid 236290 for ability_warlock_backdraft
✓ Updated Warlock Backdraft with fdid: 236290

Processing 809/29724: Warlock Avoidance (ability_warlock_avoidance)
Fetching fdid for: ability_warlock_avoidance - https://wago.tools/files?search=ability_warlock_avoidance
Found fdid 132332 for ability_warlock_avoidance
✓ Updated Warlock Avoidance with fdid: 132332

Processing 810/29724: Vehicle Shellshieldgenerator Green (ability_vehicle_shellshieldgenerator_green)
Fetching fdid for: ability_vehicle_shellshieldgenerator_green - https://wago.tools/files?search=ability_vehicle_shellshieldgenerator_green
Found fdid 1769069 for ability_vehicle_shellshieldgenerator_green
✓ Updated Vehicle Shellshieldgenerator Green with fdid: 1769069

Processing 811/29724: Warlock Coil3 (ability_warlock_coil3)
Fetching fdid for: ability_warlock_coil3 - https://wago.tools/files?search=ability_warlock_coil3
Found fdid 607851 for ability_warlock_coil3
✓ Updated Warlock Coil3 with fdid: 607851

Processing 812/29724: Warlock Coil2 (ability_warlock_coil2)
Fetching fdid for: ability_warlock_coil2 - https://wago.tools/files?search=ability_warlock_coil2
Found fdid 607850 for ability_warlock_coil2
✓ Updated Warlock Coil2 with fdid: 607850

Processing 813/29724: Warlock Demonicempowerment (ability_warlock_demonicempowerment)
Fetching fdid for: ability_warlock_demonicempowerment - https://wago.tools/files?search=ability_warlock_demonicempowerment
Found fdid 236292 for ability_warlock_demonicempowerment
✓ Updated Warlock Demonicempowerment with fdid: 236292

Processing 814/29724: Warlock Cremation (ability_warlock_cremation)
Fetching fdid for: ability_warlock_cremation - https://wago.tools/files?search=ability_warlock_cremation
Found fdid 460696 for ability_warlock_cremation
✓ Updated Warlock Cremation with fdid: 460696

Processing 815/29724: Warlock Darkarts (ability_warlock_darkarts)
Fetching fdid for: ability_warlock_darkarts - https://wago.tools/files?search=ability_warlock_darkarts
Found fdid 460697 for ability_warlock_darkarts
✓ Updated Warlock Darkarts with fdid: 460697

Processing 816/29724: Warlock Burningembers (ability_warlock_burningembers)
Fetching fdid for: ability_warlock_burningembers - https://wago.tools/files?search=ability_warlock_burningembers
Found fdid 460952 for ability_warlock_burningembers
✓ Updated Warlock Burningembers with fdid: 460952

Processing 817/29724: Warlock Chaosbolt (ability_warlock_chaosbolt)
Fetching fdid for: ability_warlock_chaosbolt - https://wago.tools/files?search=ability_warlock_chaosbolt
Found fdid 236291 for ability_warlock_chaosbolt
✓ Updated Warlock Chaosbolt with fdid: 236291

Processing 818/29724: Warlock Burningembersgreen (ability_warlock_burningembersgreen)
Fetching fdid for: ability_warlock_burningembersgreen - https://wago.tools/files?search=ability_warlock_burningembersgreen
Found fdid 840194 for ability_warlock_burningembersgreen
✓ Updated Warlock Burningembersgreen with fdid: 840194

Processing 819/29724: Warlock Burningembersblue (ability_warlock_burningembersblue)
Fetching fdid for: ability_warlock_burningembersblue - https://wago.tools/files?search=ability_warlock_burningembersblue
Found fdid 1506795 for ability_warlock_burningembersblue
✓ Updated Warlock Burningembersblue with fdid: 1506795

Processing 820/29724: Warlock Baneofhavoc (ability_warlock_baneofhavoc)
Fetching fdid for: ability_warlock_baneofhavoc - https://wago.tools/files?search=ability_warlock_baneofhavoc
Found fdid 460695 for ability_warlock_baneofhavoc
✓ Updated Warlock Baneofhavoc with fdid: 460695

Processing 821/29724: Warlock Handofguldan (ability_warlock_handofguldan)
Fetching fdid for: ability_warlock_handofguldan - https://wago.tools/files?search=ability_warlock_handofguldan
Found fdid 535592 for ability_warlock_handofguldan
✓ Updated Warlock Handofguldan with fdid: 535592

Processing 822/29724: Warlock Everlastingaffliction (ability_warlock_everlastingaffliction)
Fetching fdid for: ability_warlock_everlastingaffliction - https://wago.tools/files?search=ability_warlock_everlastingaffliction
Found fdid 236296 for ability_warlock_everlastingaffliction
✓ Updated Warlock Everlastingaffliction with fdid: 236296

Processing 823/29724: Warlock Fireandbrimstonegreen (ability_warlock_fireandbrimstonegreen)
Fetching fdid for: ability_warlock_fireandbrimstonegreen - https://wago.tools/files?search=ability_warlock_fireandbrimstonegreen
Found fdid 840195 for ability_warlock_fireandbrimstonegreen
✓ Updated Warlock Fireandbrimstonegreen with fdid: 840195

Processing 824/29724: Warlock Eradication (ability_warlock_eradication)
Fetching fdid for: ability_warlock_eradication - https://wago.tools/files?search=ability_warlock_eradication
Found fdid 236295 for ability_warlock_eradication
✓ Updated Warlock Eradication with fdid: 236295

Processing 825/29724: Warlock Howlofterror (ability_warlock_howlofterror)
Fetching fdid for: ability_warlock_howlofterror - https://wago.tools/files?search=ability_warlock_howlofterror
Found fdid 607852 for ability_warlock_howlofterror
✓ Updated Warlock Howlofterror with fdid: 607852

Processing 826/29724: Warlock Haunt (ability_warlock_haunt)
Fetching fdid for: ability_warlock_haunt - https://wago.tools/files?search=ability_warlock_haunt
Found fdid 236298 for ability_warlock_haunt
✓ Updated Warlock Haunt with fdid: 236298

Processing 827/29724: Warlock Impoweredimp (ability_warlock_impoweredimp)
Fetching fdid for: ability_warlock_impoweredimp - https://wago.tools/files?search=ability_warlock_impoweredimp
Found fdid 460856 for ability_warlock_impoweredimp
✓ Updated Warlock Impoweredimp with fdid: 460856

Processing 828/29724: Warlock Demonicpower (ability_warlock_demonicpower)
Fetching fdid for: ability_warlock_demonicpower - https://wago.tools/files?search=ability_warlock_demonicpower
Found fdid 236293 for ability_warlock_demonicpower
✓ Updated Warlock Demonicpower with fdid: 236293

Processing 829/29724: Warlock Fireandbrimstone (ability_warlock_fireandbrimstone)
Fetching fdid for: ability_warlock_fireandbrimstone - https://wago.tools/files?search=ability_warlock_fireandbrimstone
Found fdid 236297 for ability_warlock_fireandbrimstone
✓ Updated Warlock Fireandbrimstone with fdid: 236297

Processing 830/29724: Warlock Empoweredimp (ability_warlock_empoweredimp)
Fetching fdid for: ability_warlock_empoweredimp - https://wago.tools/files?search=ability_warlock_empoweredimp
Found fdid 236294 for ability_warlock_empoweredimp
✓ Updated Warlock Empoweredimp with fdid: 236294

Processing 831/29724: Warlock Moltencore (ability_warlock_moltencore)
Fetching fdid for: ability_warlock_moltencore - https://wago.tools/files?search=ability_warlock_moltencore
Found fdid 236301 for ability_warlock_moltencore
✓ Updated Warlock Moltencore with fdid: 236301

Processing 832/29724: Warlock Randomizesuccubusincubus (ability_warlock_randomizesuccubusincubus)
Fetching fdid for: ability_warlock_randomizesuccubusincubus - https://wago.tools/files?search=ability_warlock_randomizesuccubusincubus
Found fdid 4352493 for ability_warlock_randomizesuccubusincubus
✓ Updated Warlock Randomizesuccubusincubus with fdid: 4352493

Processing 833/29724: Warlock Improvedsoulleech (ability_warlock_improvedsoulleech)
Fetching fdid for: ability_warlock_improvedsoulleech - https://wago.tools/files?search=ability_warlock_improvedsoulleech
Found fdid 236300 for ability_warlock_improvedsoulleech
✓ Updated Warlock Improvedsoulleech with fdid: 236300

Processing 834/29724: Warlock Moltencoregreen (ability_warlock_moltencoregreen)
Fetching fdid for: ability_warlock_moltencoregreen - https://wago.tools/files?search=ability_warlock_moltencoregreen
Found fdid 840197 for ability_warlock_moltencoregreen
✓ Updated Warlock Moltencoregreen with fdid: 840197

Processing 835/29724: Warlock Improveddemonictactics (ability_warlock_improveddemonictactics)
Fetching fdid for: ability_warlock_improveddemonictactics - https://wago.tools/files?search=ability_warlock_improveddemonictactics
Found fdid 236299 for ability_warlock_improveddemonictactics
✓ Updated Warlock Improveddemonictactics with fdid: 236299

Processing 836/29724: Warlock Inferno (ability_warlock_inferno)
Fetching fdid for: ability_warlock_inferno - https://wago.tools/files?search=ability_warlock_inferno
Found fdid 460698 for ability_warlock_inferno
✓ Updated Warlock Inferno with fdid: 460698

Processing 837/29724: Warlock Incubus (ability_warlock_incubus)
Fetching fdid for: ability_warlock_incubus - https://wago.tools/files?search=ability_warlock_incubus
Found fdid 4352492 for ability_warlock_incubus
✓ Updated Warlock Incubus with fdid: 4352492

Processing 838/29724: Warlock Infernogreen (ability_warlock_infernogreen)
Fetching fdid for: ability_warlock_infernogreen - https://wago.tools/files?search=ability_warlock_infernogreen
Found fdid 840196 for ability_warlock_infernogreen
✓ Updated Warlock Infernogreen with fdid: 840196

Processing 839/29724: Warlock Jinx (ability_warlock_jinx)
Fetching fdid for: ability_warlock_jinx - https://wago.tools/files?search=ability_warlock_jinx
Found fdid 460699 for ability_warlock_jinx
✓ Updated Warlock Jinx with fdid: 460699

Processing 840/29724: Warlock Mortalcoil (ability_warlock_mortalcoil)
Fetching fdid for: ability_warlock_mortalcoil - https://wago.tools/files?search=ability_warlock_mortalcoil
Found fdid 607853 for ability_warlock_mortalcoil
✓ Updated Warlock Mortalcoil with fdid: 607853

Processing 841/29724: Warlock Soulsiphon (ability_warlock_soulsiphon)
Fetching fdid for: ability_warlock_soulsiphon - https://wago.tools/files?search=ability_warlock_soulsiphon
Found fdid 460700 for ability_warlock_soulsiphon
✓ Updated Warlock Soulsiphon with fdid: 460700

Processing 842/29724: Warrior Annihilator (ability_warrior_annihilator)
Fetching fdid for: ability_warrior_annihilator - https://wago.tools/files?search=ability_warrior_annihilator
Found fdid 4667426 for ability_warrior_annihilator
✓ Updated Warrior Annihilator with fdid: 4667426

Processing 843/29724: Warlock Whiplash (ability_warlock_whiplash)
Fetching fdid for: ability_warlock_whiplash - https://wago.tools/files?search=ability_warlock_whiplash
Found fdid 460858 for ability_warlock_whiplash
✓ Updated Warlock Whiplash with fdid: 460858

Processing 844/29724: Warlock Voidzone (ability_warlock_voidzone)
Fetching fdid for: ability_warlock_voidzone - https://wago.tools/files?search=ability_warlock_voidzone
Found fdid 4067372 for ability_warlock_voidzone
✓ Updated Warlock Voidzone with fdid: 4067372

Processing 845/29724: Warlock Soulswap (ability_warlock_soulswap)
Fetching fdid for: ability_warlock_soulswap - https://wago.tools/files?search=ability_warlock_soulswap
Found fdid 460857 for ability_warlock_soulswap
✓ Updated Warlock Soulswap with fdid: 460857

Processing 846/29724: Warrior Bladestorm (ability_warrior_bladestorm)
Fetching fdid for: ability_warrior_bladestorm - https://wago.tools/files?search=ability_warrior_bladestorm
Found fdid 236303 for ability_warrior_bladestorm
✓ Updated Warrior Bladestorm with fdid: 236303

Processing 847/29724: Warlock Shadowfurytga (ability_warlock_shadowfurytga)
Fetching fdid for: ability_warlock_shadowfurytga - https://wago.tools/files?search=ability_warlock_shadowfurytga
Found fdid 607865 for ability_warlock_shadowfurytga
✓ Updated Warlock Shadowfurytga with fdid: 607865

Processing 848/29724: Warlock Soullink (ability_warlock_soullink)
Fetching fdid for: ability_warlock_soullink - https://wago.tools/files?search=ability_warlock_soullink
Found fdid 607854 for ability_warlock_soullink
✓ Updated Warlock Soullink with fdid: 607854

Processing 849/29724: Warlock Shadowflame (ability_warlock_shadowflame)
Fetching fdid for: ability_warlock_shadowflame - https://wago.tools/files?search=ability_warlock_shadowflame
Found fdid 236302 for ability_warlock_shadowflame
✓ Updated Warlock Shadowflame with fdid: 236302

Processing 850/29724: Warrior Battleshout (ability_warrior_battleshout)
Fetching fdid for: ability_warrior_battleshout - https://wago.tools/files?search=ability_warrior_battleshout
Found fdid 132333 for ability_warrior_battleshout
✓ Updated Warrior Battleshout with fdid: 132333

--- Progress Update ---
Processed: 850/29724
Success: 415, Errors: 0, Skipped: 0
Progress: 2.9%

Processing 851/29724: Warrior Bullrush (ability_warrior_bullrush)
Fetching fdid for: ability_warrior_bullrush - https://wago.tools/files?search=ability_warrior_bullrush
Found fdid 132335 for ability_warrior_bullrush
✓ Updated Warrior Bullrush with fdid: 132335

Processing 852/29724: Warrior Bloodbath (ability_warrior_bloodbath)
Fetching fdid for: ability_warrior_bloodbath - https://wago.tools/files?search=ability_warrior_bloodbath
Found fdid 236304 for ability_warrior_bloodbath
✓ Updated Warrior Bloodbath with fdid: 236304

Processing 853/29724: Warrior Commandingshout (ability_warrior_commandingshout)
Fetching fdid for: ability_warrior_commandingshout - https://wago.tools/files?search=ability_warrior_commandingshout
Found fdid 132339 for ability_warrior_commandingshout
✓ Updated Warrior Commandingshout with fdid: 132339

Processing 854/29724: Warrior Colossussmash (ability_warrior_colossussmash)
Fetching fdid for: ability_warrior_colossussmash - https://wago.tools/files?search=ability_warrior_colossussmash
Found fdid 464973 for ability_warrior_colossussmash
✓ Updated Warrior Colossussmash with fdid: 464973

Processing 855/29724: Warrior Bloodfrenzy (ability_warrior_bloodfrenzy)
Fetching fdid for: ability_warrior_bloodfrenzy - https://wago.tools/files?search=ability_warrior_bloodfrenzy
Found fdid 132334 for ability_warrior_bloodfrenzy
✓ Updated Warrior Bloodfrenzy with fdid: 132334

Processing 856/29724: Warrior Bloodnova (ability_warrior_bloodnova)
Fetching fdid for: ability_warrior_bloodnova - https://wago.tools/files?search=ability_warrior_bloodnova
Found fdid 236305 for ability_warrior_bloodnova
✓ Updated Warrior Bloodnova with fdid: 236305

Processing 857/29724: Warrior Charge (ability_warrior_charge)
Fetching fdid for: ability_warrior_charge - https://wago.tools/files?search=ability_warrior_charge
Found fdid 132337 for ability_warrior_charge
✓ Updated Warrior Charge with fdid: 132337

Processing 858/29724: Warrior Cleave (ability_warrior_cleave)
Fetching fdid for: ability_warrior_cleave - https://wago.tools/files?search=ability_warrior_cleave
Found fdid 132338 for ability_warrior_cleave
✓ Updated Warrior Cleave with fdid: 132338

Processing 859/29724: Warrior Challange (ability_warrior_challange)
Fetching fdid for: ability_warrior_challange - https://wago.tools/files?search=ability_warrior_challange
Found fdid 132336 for ability_warrior_challange
✓ Updated Warrior Challange with fdid: 132336

Processing 860/29724: Warrior Bloodsurge (ability_warrior_bloodsurge)
Fetching fdid for: ability_warrior_bloodsurge - https://wago.tools/files?search=ability_warrior_bloodsurge
Found fdid 236306 for ability_warrior_bloodsurge
✓ Updated Warrior Bloodsurge with fdid: 236306

Processing 861/29724: Warrior Deepcuts (ability_warrior_deepcuts)
Fetching fdid for: ability_warrior_deepcuts - https://wago.tools/files?search=ability_warrior_deepcuts
Found fdid 4067373 for ability_warrior_deepcuts
✓ Updated Warrior Deepcuts with fdid: 4067373

Processing 862/29724: Warrior Dragonroar (ability_warrior_dragonroar)
Fetching fdid for: ability_warrior_dragonroar - https://wago.tools/files?search=ability_warrior_dragonroar
Found fdid 642418 for ability_warrior_dragonroar
✓ Updated Warrior Dragonroar with fdid: 642418

Processing 863/29724: Warrior Criticalblock (ability_warrior_criticalblock)
Fetching fdid for: ability_warrior_criticalblock - https://wago.tools/files?search=ability_warrior_criticalblock
Found fdid 236307 for ability_warrior_criticalblock
✓ Updated Warrior Criticalblock with fdid: 236307

Processing 864/29724: Warrior Decisivestrike (ability_warrior_decisivestrike)
Fetching fdid for: ability_warrior_decisivestrike - https://wago.tools/files?search=ability_warrior_decisivestrike
Found fdid 132340 for ability_warrior_decisivestrike
✓ Updated Warrior Decisivestrike with fdid: 132340

Processing 865/29724: Warrior Devastate (ability_warrior_devastate)
Fetching fdid for: ability_warrior_devastate - https://wago.tools/files?search=ability_warrior_devastate
Found fdid 132342 for ability_warrior_devastate
✓ Updated Warrior Devastate with fdid: 132342

Processing 866/29724: Warrior Furiousresolve (ability_warrior_furiousresolve)
Fetching fdid for: ability_warrior_furiousresolve - https://wago.tools/files?search=ability_warrior_furiousresolve
Found fdid 236308 for ability_warrior_furiousresolve
✓ Updated Warrior Furiousresolve with fdid: 236308

Processing 867/29724: Warrior Focusedrage (ability_warrior_focusedrage)
Fetching fdid for: ability_warrior_focusedrage - https://wago.tools/files?search=ability_warrior_focusedrage
Found fdid 132345 for ability_warrior_focusedrage
✓ Updated Warrior Focusedrage with fdid: 132345

Processing 868/29724: Warrior Defensivestance (ability_warrior_defensivestance)
Fetching fdid for: ability_warrior_defensivestance - https://wago.tools/files?search=ability_warrior_defensivestance
Found fdid 132341 for ability_warrior_defensivestance
✓ Updated Warrior Defensivestance with fdid: 132341

Processing 869/29724: Warrior Disarm (ability_warrior_disarm)
Fetching fdid for: ability_warrior_disarm - https://wago.tools/files?search=ability_warrior_disarm
Found fdid 132343 for ability_warrior_disarm
✓ Updated Warrior Disarm with fdid: 132343

Processing 870/29724: Warrior Endlessrage (ability_warrior_endlessrage)
Fetching fdid for: ability_warrior_endlessrage - https://wago.tools/files?search=ability_warrior_endlessrage
Found fdid 132344 for ability_warrior_endlessrage
✓ Updated Warrior Endlessrage with fdid: 132344

Processing 871/29724: Warrior Incite (ability_warrior_incite)
Fetching fdid for: ability_warrior_incite - https://wago.tools/files?search=ability_warrior_incite
Found fdid 236309 for ability_warrior_incite
✓ Updated Warrior Incite with fdid: 236309

Processing 872/29724: Warrior Intensifyrage (ability_warrior_intensifyrage)
Fetching fdid for: ability_warrior_intensifyrage - https://wago.tools/files?search=ability_warrior_intensifyrage
Found fdid 236310 for ability_warrior_intensifyrage
✓ Updated Warrior Intensifyrage with fdid: 236310

Processing 873/29724: Warrior Improveddisciplines (ability_warrior_improveddisciplines)
Fetching fdid for: ability_warrior_improveddisciplines - https://wago.tools/files?search=ability_warrior_improveddisciplines
Found fdid 132346 for ability_warrior_improveddisciplines
✓ Updated Warrior Improveddisciplines with fdid: 132346

Processing 874/29724: Warrior Innerrage (ability_warrior_innerrage)
Fetching fdid for: ability_warrior_innerrage - https://wago.tools/files?search=ability_warrior_innerrage
Found fdid 132347 for ability_warrior_innerrage
✓ Updated Warrior Innerrage with fdid: 132347

Processing 875/29724: Warrior Rallyingcry (ability_warrior_rallyingcry)
Fetching fdid for: ability_warrior_rallyingcry - https://wago.tools/files?search=ability_warrior_rallyingcry
Found fdid 132351 for ability_warrior_rallyingcry
✓ Updated Warrior Rallyingcry with fdid: 132351

Processing 876/29724: Warrior Phalanx (ability_warrior_phalanx)
Fetching fdid for: ability_warrior_phalanx - https://wago.tools/files?search=ability_warrior_phalanx
Found fdid 4067374 for ability_warrior_phalanx
✓ Updated Warrior Phalanx with fdid: 4067374

Processing 877/29724: Warrior Intervene (ability_warrior_intervene)
Fetching fdid for: ability_warrior_intervene - https://wago.tools/files?search=ability_warrior_intervene
Found fdid 132348 for ability_warrior_intervene
✓ Updated Warrior Intervene with fdid: 132348

Processing 878/29724: Warrior Offensivestance (ability_warrior_offensivestance)
Fetching fdid for: ability_warrior_offensivestance - https://wago.tools/files?search=ability_warrior_offensivestance
Found fdid 132349 for ability_warrior_offensivestance
✓ Updated Warrior Offensivestance with fdid: 132349

Processing 879/29724: Warrior Rampage (ability_warrior_rampage)
Fetching fdid for: ability_warrior_rampage - https://wago.tools/files?search=ability_warrior_rampage
Found fdid 132352 for ability_warrior_rampage
✓ Updated Warrior Rampage with fdid: 132352

Processing 880/29724: Warrior Punishingblow (ability_warrior_punishingblow)
Fetching fdid for: ability_warrior_punishingblow - https://wago.tools/files?search=ability_warrior_punishingblow
Found fdid 132350 for ability_warrior_punishingblow
✓ Updated Warrior Punishingblow with fdid: 132350

Processing 881/29724: Warrior Shieldcharge (ability_warrior_shieldcharge)
Fetching fdid for: ability_warrior_shieldcharge - https://wago.tools/files?search=ability_warrior_shieldcharge
Found fdid 4667427 for ability_warrior_shieldcharge
✓ Updated Warrior Shieldcharge with fdid: 4667427

Processing 882/29724: Warrior Riposte (ability_warrior_riposte)
Fetching fdid for: ability_warrior_riposte - https://wago.tools/files?search=ability_warrior_riposte
Found fdid 132354 for ability_warrior_riposte
✓ Updated Warrior Riposte with fdid: 132354

Processing 883/29724: Warrior Savageblow (ability_warrior_savageblow)
Fetching fdid for: ability_warrior_savageblow - https://wago.tools/files?search=ability_warrior_savageblow
Found fdid 132355 for ability_warrior_savageblow
✓ Updated Warrior Savageblow with fdid: 132355

Processing 884/29724: Warrior Renewedvigor (ability_warrior_renewedvigor)
Fetching fdid for: ability_warrior_renewedvigor - https://wago.tools/files?search=ability_warrior_renewedvigor
Found fdid 1377132 for ability_warrior_renewedvigor
✓ Updated Warrior Renewedvigor with fdid: 1377132

Processing 885/29724: Warrior Secondwind (ability_warrior_secondwind)
Fetching fdid for: ability_warrior_secondwind - https://wago.tools/files?search=ability_warrior_secondwind
Found fdid 132356 for ability_warrior_secondwind
✓ Updated Warrior Secondwind with fdid: 132356

Processing 886/29724: Warrior Shieldbreak (ability_warrior_shieldbreak)
Fetching fdid for: ability_warrior_shieldbreak - https://wago.tools/files?search=ability_warrior_shieldbreak
Found fdid 132358 for ability_warrior_shieldbreak
✓ Updated Warrior Shieldbreak with fdid: 132358

Processing 887/29724: Warrior Revenge (ability_warrior_revenge)
Fetching fdid for: ability_warrior_revenge - https://wago.tools/files?search=ability_warrior_revenge
Found fdid 132353 for ability_warrior_revenge
✓ Updated Warrior Revenge with fdid: 132353

Processing 888/29724: Warrior Safeguard (ability_warrior_safeguard)
Fetching fdid for: ability_warrior_safeguard - https://wago.tools/files?search=ability_warrior_safeguard
Found fdid 236311 for ability_warrior_safeguard
✓ Updated Warrior Safeguard with fdid: 236311

Processing 889/29724: Warrior Shatteringthrow (ability_warrior_shatteringthrow)
Fetching fdid for: ability_warrior_shatteringthrow - https://wago.tools/files?search=ability_warrior_shatteringthrow
Found fdid 311430 for ability_warrior_shatteringthrow
✓ Updated Warrior Shatteringthrow with fdid: 311430

Processing 890/29724: Warrior Shieldbash (ability_warrior_shieldbash)
Fetching fdid for: ability_warrior_shieldbash - https://wago.tools/files?search=ability_warrior_shieldbash
Found fdid 132357 for ability_warrior_shieldbash
✓ Updated Warrior Shieldbash with fdid: 132357

Processing 891/29724: Warrior Shieldmastery (ability_warrior_shieldmastery)
Fetching fdid for: ability_warrior_shieldmastery - https://wago.tools/files?search=ability_warrior_shieldmastery
Found fdid 132360 for ability_warrior_shieldmastery
✓ Updated Warrior Shieldmastery with fdid: 132360

Processing 892/29724: Warrior Shockwave (ability_warrior_shockwave)
Fetching fdid for: ability_warrior_shockwave - https://wago.tools/files?search=ability_warrior_shockwave
Found fdid 236312 for ability_warrior_shockwave
✓ Updated Warrior Shockwave with fdid: 236312

Processing 893/29724: Warrior Shieldguard (ability_warrior_shieldguard)
Fetching fdid for: ability_warrior_shieldguard - https://wago.tools/files?search=ability_warrior_shieldguard
Found fdid 132359 for ability_warrior_shieldguard
✓ Updated Warrior Shieldguard with fdid: 132359

Processing 894/29724: Warrior Stalwartprotector (ability_warrior_stalwartprotector)
Fetching fdid for: ability_warrior_stalwartprotector - https://wago.tools/files?search=ability_warrior_stalwartprotector
Found fdid 236313 for ability_warrior_stalwartprotector
✓ Updated Warrior Stalwartprotector with fdid: 236313

Processing 895/29724: Warrior Shieldwall (ability_warrior_shieldwall)
Fetching fdid for: ability_warrior_shieldwall - https://wago.tools/files?search=ability_warrior_shieldwall
Found fdid 132362 for ability_warrior_shieldwall
✓ Updated Warrior Shieldwall with fdid: 132362

Processing 896/29724: Warrior Shieldreflection (ability_warrior_shieldreflection)
Fetching fdid for: ability_warrior_shieldreflection - https://wago.tools/files?search=ability_warrior_shieldreflection
Found fdid 132361 for ability_warrior_shieldreflection
✓ Updated Warrior Shieldreflection with fdid: 132361

Processing 897/29724: Warrior Strengthofarms (ability_warrior_strengthofarms)
Fetching fdid for: ability_warrior_strengthofarms - https://wago.tools/files?search=ability_warrior_strengthofarms
Found fdid 236314 for ability_warrior_strengthofarms
✓ Updated Warrior Strengthofarms with fdid: 236314

Processing 898/29724: Warrior Sunder (ability_warrior_sunder)
Fetching fdid for: ability_warrior_sunder - https://wago.tools/files?search=ability_warrior_sunder
Found fdid 132363 for ability_warrior_sunder
✓ Updated Warrior Sunder with fdid: 132363

Processing 899/29724: Warrior Throwdown (ability_warrior_throwdown)
Fetching fdid for: ability_warrior_throwdown - https://wago.tools/files?search=ability_warrior_throwdown
Found fdid 463444 for ability_warrior_throwdown
✓ Updated Warrior Throwdown with fdid: 463444

Processing 900/29724: Warrior Swordandboard (ability_warrior_swordandboard)
Fetching fdid for: ability_warrior_swordandboard - https://wago.tools/files?search=ability_warrior_swordandboard
Found fdid 236315 for ability_warrior_swordandboard
✓ Updated Warrior Swordandboard with fdid: 236315

--- Progress Update ---
Processed: 900/29724
Success: 465, Errors: 0, Skipped: 0
Progress: 3.0%

Processing 901/29724: Warstomp (ability_warstomp)
Fetching fdid for: ability_warstomp - https://wago.tools/files?search=ability_warstomp
Found fdid 132368 for ability_warstomp
✓ Updated Warstomp with fdid: 132368

Processing 902/29724: Warrior Titansgrip (ability_warrior_titansgrip)
Fetching fdid for: ability_warrior_titansgrip - https://wago.tools/files?search=ability_warrior_titansgrip
Found fdid 236316 for ability_warrior_titansgrip
✓ Updated Warrior Titansgrip with fdid: 236316

Processing 903/29724: Warrior Trauma (ability_warrior_trauma)
Fetching fdid for: ability_warrior_trauma - https://wago.tools/files?search=ability_warrior_trauma
Found fdid 132364 for ability_warrior_trauma
✓ Updated Warrior Trauma with fdid: 132364

Processing 904/29724: Warrior Vigilance (ability_warrior_vigilance)
Fetching fdid for: ability_warrior_vigilance - https://wago.tools/files?search=ability_warrior_vigilance
Found fdid 236318 for ability_warrior_vigilance
✓ Updated Warrior Vigilance with fdid: 236318

Processing 905/29724: Warrior Warbringer (ability_warrior_warbringer)
Fetching fdid for: ability_warrior_warbringer - https://wago.tools/files?search=ability_warrior_warbringer
Found fdid 236319 for ability_warrior_warbringer
✓ Updated Warrior Warbringer with fdid: 236319

Processing 906/29724: Warrior Warcry (ability_warrior_warcry)
Fetching fdid for: ability_warrior_warcry - https://wago.tools/files?search=ability_warrior_warcry
Found fdid 132366 for ability_warrior_warcry
✓ Updated Warrior Warcry with fdid: 132366

Processing 907/29724: Warrior Weaponmastery (ability_warrior_weaponmastery)
Fetching fdid for: ability_warrior_weaponmastery - https://wago.tools/files?search=ability_warrior_weaponmastery
Found fdid 132367 for ability_warrior_weaponmastery
✓ Updated Warrior Weaponmastery with fdid: 132367

Processing 908/29724: Warrior Throwdown 2 (ability_warrior_throwdown_2)
Fetching fdid for: ability_warrior_throwdown_2 - https://wago.tools/files?search=ability_warrior_throwdown_2
Found fdid 463445 for ability_warrior_throwdown_2
✓ Updated Warrior Throwdown 2 with fdid: 463445

Processing 909/29724: Warrior Victoryrush (ability_warrior_victoryrush)
Fetching fdid for: ability_warrior_victoryrush - https://wago.tools/files?search=ability_warrior_victoryrush
Found fdid 132365 for ability_warrior_victoryrush
✓ Updated Warrior Victoryrush with fdid: 132365

Processing 910/29724: Warrior Unrelentingassault (ability_warrior_unrelentingassault)
Fetching fdid for: ability_warrior_unrelentingassault - https://wago.tools/files?search=ability_warrior_unrelentingassault
Found fdid 236317 for ability_warrior_unrelentingassault
✓ Updated Warrior Unrelentingassault with fdid: 236317

Processing 911/29724: Xaril Masterpoisoner Blue (ability_xaril_masterpoisoner_blue)
Fetching fdid for: ability_xaril_masterpoisoner_blue - https://wago.tools/files?search=ability_xaril_masterpoisoner_blue
Found fdid 878218 for ability_xaril_masterpoisoner_blue
✓ Updated Xaril Masterpoisoner Blue with fdid: 878218

Processing 912/29724: Xaril Masterpoisoner Purple (ability_xaril_masterpoisoner_purple)
Fetching fdid for: ability_xaril_masterpoisoner_purple - https://wago.tools/files?search=ability_xaril_masterpoisoner_purple
Found fdid 878221 for ability_xaril_masterpoisoner_purple
✓ Updated Xaril Masterpoisoner Purple with fdid: 878221

Processing 913/29724: Wintergrasp Rank2 (ability_wintergrasp_rank2)
Fetching fdid for: ability_wintergrasp_rank2 - https://wago.tools/files?search=ability_wintergrasp_rank2
Found fdid 236321 for ability_wintergrasp_rank2
✓ Updated Wintergrasp Rank2 with fdid: 236321

Processing 914/29724: Wintergrasp Rank3 (ability_wintergrasp_rank3)
Fetching fdid for: ability_wintergrasp_rank3 - https://wago.tools/files?search=ability_wintergrasp_rank3
Found fdid 236322 for ability_wintergrasp_rank3
✓ Updated Wintergrasp Rank3 with fdid: 236322

Processing 915/29724: Xaril Masterpoisoner Orange (ability_xaril_masterpoisoner_orange)
Fetching fdid for: ability_xaril_masterpoisoner_orange - https://wago.tools/files?search=ability_xaril_masterpoisoner_orange
Found fdid 878220 for ability_xaril_masterpoisoner_orange
✓ Updated Xaril Masterpoisoner Orange with fdid: 878220

Processing 916/29724: Worgen Darkflight (ability_worgen_darkflight)
Fetching fdid for: ability_worgen_darkflight - https://wago.tools/files?search=ability_worgen_darkflight
Found fdid 528692 for ability_worgen_darkflight
✓ Updated Worgen Darkflight with fdid: 528692

Processing 917/29724: Xaril Masterpoisoner Green (ability_xaril_masterpoisoner_green)
Fetching fdid for: ability_xaril_masterpoisoner_green - https://wago.tools/files?search=ability_xaril_masterpoisoner_green
Found fdid 878219 for ability_xaril_masterpoisoner_green
✓ Updated Xaril Masterpoisoner Green with fdid: 878219

Processing 918/29724: Worgen Calmthewolf (ability_worgen_calmthewolf)
Fetching fdid for: ability_worgen_calmthewolf - https://wago.tools/files?search=ability_worgen_calmthewolf
Found fdid 5077726 for ability_worgen_calmthewolf
✓ Updated Worgen Calmthewolf with fdid: 5077726

Processing 919/29724: Wintergrasp Rank1 (ability_wintergrasp_rank1)
Fetching fdid for: ability_wintergrasp_rank1 - https://wago.tools/files?search=ability_wintergrasp_rank1
Found fdid 236320 for ability_wintergrasp_rank1
✓ Updated Wintergrasp Rank1 with fdid: 236320

Processing 920/29724: Whirlwind (ability_whirlwind)
Fetching fdid for: ability_whirlwind - https://wago.tools/files?search=ability_whirlwind
Found fdid 132369 for ability_whirlwind
✓ Updated Whirlwind with fdid: 132369

Processing 921/29724: Xavius Crushingshadows (ability_xavius_crushingshadows)
Fetching fdid for: ability_xavius_crushingshadows - https://wago.tools/files?search=ability_xavius_crushingshadows
Found fdid 1396971 for ability_xavius_crushingshadows
✓ Updated Xavius Crushingshadows with fdid: 1396971

Processing 922/29724: Xavius Corruptionmeteor (ability_xavius_corruptionmeteor)
Fetching fdid for: ability_xavius_corruptionmeteor - https://wago.tools/files?search=ability_xavius_corruptionmeteor
Found fdid 1396970 for ability_xavius_corruptionmeteor
✓ Updated Xavius Corruptionmeteor with fdid: 1396970

Processing 923/29724: Xavius Darkruination (ability_xavius_darkruination)
Fetching fdid for: ability_xavius_darkruination - https://wago.tools/files?search=ability_xavius_darkruination
Found fdid 1396973 for ability_xavius_darkruination
✓ Updated Xavius Darkruination with fdid: 1396973

Processing 924/29724: Xaril Masterpoisoner Yellow (ability_xaril_masterpoisoner_yellow)
Fetching fdid for: ability_xaril_masterpoisoner_yellow - https://wago.tools/files?search=ability_xaril_masterpoisoner_yellow
Found fdid 878224 for ability_xaril_masterpoisoner_yellow
✓ Updated Xaril Masterpoisoner Yellow with fdid: 878224

Processing 925/29724: Xavius Corruptingnova (ability_xavius_corruptingnova)
Fetching fdid for: ability_xavius_corruptingnova - https://wago.tools/files?search=ability_xavius_corruptingnova
Found fdid 1396969 for ability_xavius_corruptingnova
✓ Updated Xavius Corruptingnova with fdid: 1396969

Processing 926/29724: Xavius Darkeningsoul (ability_xavius_darkeningsoul)
Fetching fdid for: ability_xavius_darkeningsoul - https://wago.tools/files?search=ability_xavius_darkeningsoul
Found fdid 1396972 for ability_xavius_darkeningsoul
✓ Updated Xavius Darkeningsoul with fdid: 1396972

Processing 927/29724: Xavius Blackeningsoul (ability_xavius_blackeningsoul)
Fetching fdid for: ability_xavius_blackeningsoul - https://wago.tools/files?search=ability_xavius_blackeningsoul
Found fdid 1396968 for ability_xavius_blackeningsoul
✓ Updated Xavius Blackeningsoul with fdid: 1396968

Processing 928/29724: Xaril Masterpoisoner Red (ability_xaril_masterpoisoner_red)
Fetching fdid for: ability_xaril_masterpoisoner_red - https://wago.tools/files?search=ability_xaril_masterpoisoner_red
Found fdid 878222 for ability_xaril_masterpoisoner_red
✓ Updated Xaril Masterpoisoner Red with fdid: 878222

Processing 929/29724: Xavius Blackened (ability_xavius_blackened)
Fetching fdid for: ability_xavius_blackened - https://wago.tools/files?search=ability_xavius_blackened
Found fdid 1396967 for ability_xavius_blackened
✓ Updated Xavius Blackened with fdid: 1396967

Processing 930/29724: Xaril Masterpoisoner White (ability_xaril_masterpoisoner_white)
Fetching fdid for: ability_xaril_masterpoisoner_white - https://wago.tools/files?search=ability_xaril_masterpoisoner_white
Found fdid 878223 for ability_xaril_masterpoisoner_white
✓ Updated Xaril Masterpoisoner White with fdid: 878223

Processing 931/29724: Achievement Alliedrace Highmountaintauren (achievement_alliedrace_highmountaintauren)
Fetching fdid for: achievement_alliedrace_highmountaintauren - https://wago.tools/files?search=achievement_alliedrace_highmountaintauren
Found fdid 1786419 for achievement_alliedrace_highmountaintauren
✓ Updated Achievement Alliedrace Highmountaintauren with fdid: 1786419

Processing 932/29724: Achievement Alliedrace Kultiranhuman (achievement_alliedrace_kultiranhuman)
Fetching fdid for: achievement_alliedrace_kultiranhuman - https://wago.tools/files?search=achievement_alliedrace_kultiranhuman
Found fdid 2447785 for achievement_alliedrace_kultiranhuman
✓ Updated Achievement Alliedrace Kultiranhuman with fdid: 2447785

Processing 933/29724: Xavius Nightmareinfusion (ability_xavius_nightmareinfusion)
Fetching fdid for: ability_xavius_nightmareinfusion - https://wago.tools/files?search=ability_xavius_nightmareinfusion
Found fdid 1396976 for ability_xavius_nightmareinfusion
✓ Updated Xavius Nightmareinfusion with fdid: 1396976

Processing 934/29724: Xavius Dreamsimulacrum (ability_xavius_dreamsimulacrum)
Fetching fdid for: ability_xavius_dreamsimulacrum - https://wago.tools/files?search=ability_xavius_dreamsimulacrum
Found fdid 1396974 for ability_xavius_dreamsimulacrum
✓ Updated Xavius Dreamsimulacrum with fdid: 1396974

Processing 935/29724: Xavius Tormentingswipe (ability_xavius_tormentingswipe)
Fetching fdid for: ability_xavius_tormentingswipe - https://wago.tools/files?search=ability_xavius_tormentingswipe
Found fdid 1396978 for ability_xavius_tormentingswipe
✓ Updated Xavius Tormentingswipe with fdid: 1396978

Processing 936/29724: Achievement Admiral Of The Light (achievement_admiral_of_the_light)
Fetching fdid for: achievement_admiral_of_the_light - https://wago.tools/files?search=achievement_admiral_of_the_light
Found fdid 1714094 for achievement_admiral_of_the_light
✓ Updated Achievement Admiral Of The Light with fdid: 1714094

Processing 937/29724: Achievement Alliedrace Darkirondwarf (achievement_alliedrace_darkirondwarf)
Fetching fdid for: achievement_alliedrace_darkirondwarf - https://wago.tools/files?search=achievement_alliedrace_darkirondwarf
Found fdid 1851464 for achievement_alliedrace_darkirondwarf
✓ Updated Achievement Alliedrace Darkirondwarf with fdid: 1851464

Processing 938/29724: Xavius Nightmareblades (ability_xavius_nightmareblades)
Fetching fdid for: ability_xavius_nightmareblades - https://wago.tools/files?search=ability_xavius_nightmareblades
Found fdid 1396975 for ability_xavius_nightmareblades
✓ Updated Xavius Nightmareblades with fdid: 1396975

Processing 939/29724: Xavius Tormentingdetonation (ability_xavius_tormentingdetonation)
Fetching fdid for: ability_xavius_tormentingdetonation - https://wago.tools/files?search=ability_xavius_tormentingdetonation
Found fdid 1396977 for ability_xavius_tormentingdetonation
✓ Updated Xavius Tormentingdetonation with fdid: 1396977

Processing 940/29724: Achievement Adventurer Of Argus (achievement_adventurer_of_argus)
Fetching fdid for: achievement_adventurer_of_argus - https://wago.tools/files?search=achievement_adventurer_of_argus
Found fdid 1714095 for achievement_adventurer_of_argus
✓ Updated Achievement Adventurer Of Argus with fdid: 1714095

Processing 941/29724: Achievement Alliedrace Zandalaritroll (achievement_alliedrace_zandalaritroll)
Fetching fdid for: achievement_alliedrace_zandalaritroll - https://wago.tools/files?search=achievement_alliedrace_zandalaritroll
Found fdid 1851465 for achievement_alliedrace_zandalaritroll
✓ Updated Achievement Alliedrace Zandalaritroll with fdid: 1851465

Processing 942/29724: Achievement Alliedrace Magharorc (achievement_alliedrace_magharorc)
Fetching fdid for: achievement_alliedrace_magharorc - https://wago.tools/files?search=achievement_alliedrace_magharorc
Found fdid 1989713 for achievement_alliedrace_magharorc
✓ Updated Achievement Alliedrace Magharorc with fdid: 1989713

Processing 943/29724: Achievement Alliedrace Vulpera (achievement_alliedrace_vulpera)
Fetching fdid for: achievement_alliedrace_vulpera - https://wago.tools/files?search=achievement_alliedrace_vulpera
Found fdid 3208033 for achievement_alliedrace_vulpera
✓ Updated Achievement Alliedrace Vulpera with fdid: 3208033

Processing 944/29724: Achievement Alliedrace Mechagnome (achievement_alliedrace_mechagnome)
Fetching fdid for: achievement_alliedrace_mechagnome - https://wago.tools/files?search=achievement_alliedrace_mechagnome
Found fdid 3208032 for achievement_alliedrace_mechagnome
✓ Updated Achievement Alliedrace Mechagnome with fdid: 3208032

Processing 945/29724: Achievement Arena 2v2 2 (achievement_arena_2v2_2)
Fetching fdid for: achievement_arena_2v2_2 - https://wago.tools/files?search=achievement_arena_2v2_2
Found fdid 236323 for achievement_arena_2v2_2
✓ Updated Achievement Arena 2v2 2 with fdid: 236323

Processing 946/29724: Achievement Arena 2v2 3 (achievement_arena_2v2_3)
Fetching fdid for: achievement_arena_2v2_3 - https://wago.tools/files?search=achievement_arena_2v2_3
Found fdid 236325 for achievement_arena_2v2_3
✓ Updated Achievement Arena 2v2 3 with fdid: 236325

Processing 947/29724: Achievement Alliedrace Nightborne (achievement_alliedrace_nightborne)
Fetching fdid for: achievement_alliedrace_nightborne - https://wago.tools/files?search=achievement_alliedrace_nightborne
Found fdid 1786421 for achievement_alliedrace_nightborne
✓ Updated Achievement Alliedrace Nightborne with fdid: 1786421

Processing 948/29724: Achievement Arena 2v2 1 (achievement_arena_2v2_1)
Fetching fdid for: achievement_arena_2v2_1 - https://wago.tools/files?search=achievement_arena_2v2_1
Found fdid 236323 for achievement_arena_2v2_1
✓ Updated Achievement Arena 2v2 1 with fdid: 236323

Processing 949/29724: Achievement Alliedrace Lightforgeddraenei (achievement_alliedrace_lightforgeddraenei)
Fetching fdid for: achievement_alliedrace_lightforgeddraenei - https://wago.tools/files?search=achievement_alliedrace_lightforgeddraenei
Found fdid 1786420 for achievement_alliedrace_lightforgeddraenei
✓ Updated Achievement Alliedrace Lightforgeddraenei with fdid: 1786420

Processing 950/29724: Achievement Alliedrace Voidelf (achievement_alliedrace_voidelf)
Fetching fdid for: achievement_alliedrace_voidelf - https://wago.tools/files?search=achievement_alliedrace_voidelf
Found fdid 1786422 for achievement_alliedrace_voidelf
✓ Updated Achievement Alliedrace Voidelf with fdid: 1786422

--- Progress Update ---
Processed: 950/29724
Success: 515, Errors: 0, Skipped: 0
Progress: 3.2%

Processing 951/29724: Achievement Arena 2v2 4 (achievement_arena_2v2_4)
Fetching fdid for: achievement_arena_2v2_4 - https://wago.tools/files?search=achievement_arena_2v2_4
Found fdid 236326 for achievement_arena_2v2_4
✓ Updated Achievement Arena 2v2 4 with fdid: 236326

Processing 952/29724: Achievement Arena 3v3 2 (achievement_arena_3v3_2)
Fetching fdid for: achievement_arena_3v3_2 - https://wago.tools/files?search=achievement_arena_3v3_2
Found fdid 236330 for achievement_arena_3v3_2
✓ Updated Achievement Arena 3v3 2 with fdid: 236330

Processing 953/29724: Achievement Arena 2v2 7 (achievement_arena_2v2_7)
Fetching fdid for: achievement_arena_2v2_7 - https://wago.tools/files?search=achievement_arena_2v2_7
Found fdid 236329 for achievement_arena_2v2_7
✓ Updated Achievement Arena 2v2 7 with fdid: 236329

Processing 954/29724: Achievement Arena 3v3 3 (achievement_arena_3v3_3)
Fetching fdid for: achievement_arena_3v3_3 - https://wago.tools/files?search=achievement_arena_3v3_3
Found fdid 236330 for achievement_arena_3v3_3
✓ Updated Achievement Arena 3v3 3 with fdid: 236330

Processing 955/29724: Achievement Arena 3v3 6 (achievement_arena_3v3_6)
Fetching fdid for: achievement_arena_3v3_6 - https://wago.tools/files?search=achievement_arena_3v3_6
Found fdid 236335 for achievement_arena_3v3_6
✓ Updated Achievement Arena 3v3 6 with fdid: 236335

Processing 956/29724: Achievement Arena 2v2 6 (achievement_arena_2v2_6)
Fetching fdid for: achievement_arena_2v2_6 - https://wago.tools/files?search=achievement_arena_2v2_6
Found fdid 236328 for achievement_arena_2v2_6
✓ Updated Achievement Arena 2v2 6 with fdid: 236328

Processing 957/29724: Achievement Arena 3v3 5 (achievement_arena_3v3_5)
Fetching fdid for: achievement_arena_3v3_5 - https://wago.tools/files?search=achievement_arena_3v3_5
Found fdid 236334 for achievement_arena_3v3_5
✓ Updated Achievement Arena 3v3 5 with fdid: 236334

Processing 958/29724: Achievement Arena 3v3 4 (achievement_arena_3v3_4)
Fetching fdid for: achievement_arena_3v3_4 - https://wago.tools/files?search=achievement_arena_3v3_4
Found fdid 236333 for achievement_arena_3v3_4
✓ Updated Achievement Arena 3v3 4 with fdid: 236333

Processing 959/29724: Achievement Arena 3v3 1 (achievement_arena_3v3_1)
Fetching fdid for: achievement_arena_3v3_1 - https://wago.tools/files?search=achievement_arena_3v3_1
Found fdid 236330 for achievement_arena_3v3_1
✓ Updated Achievement Arena 3v3 1 with fdid: 236330

Processing 960/29724: Achievement Arena 2v2 5 (achievement_arena_2v2_5)
Fetching fdid for: achievement_arena_2v2_5 - https://wago.tools/files?search=achievement_arena_2v2_5
Found fdid 236327 for achievement_arena_2v2_5
✓ Updated Achievement Arena 2v2 5 with fdid: 236327

Processing 961/29724: Achievement Arena 3v3 7 (achievement_arena_3v3_7)
Fetching fdid for: achievement_arena_3v3_7 - https://wago.tools/files?search=achievement_arena_3v3_7
Found fdid 236336 for achievement_arena_3v3_7
✓ Updated Achievement Arena 3v3 7 with fdid: 236336

Processing 962/29724: Achievement Arena 5v5 7 (achievement_arena_5v5_7)
Fetching fdid for: achievement_arena_5v5_7 - https://wago.tools/files?search=achievement_arena_5v5_7
Found fdid 236343 for achievement_arena_5v5_7
✓ Updated Achievement Arena 5v5 7 with fdid: 236343

Processing 963/29724: Achievement Arena 5v5 6 (achievement_arena_5v5_6)
Fetching fdid for: achievement_arena_5v5_6 - https://wago.tools/files?search=achievement_arena_5v5_6
Found fdid 236342 for achievement_arena_5v5_6
✓ Updated Achievement Arena 5v5 6 with fdid: 236342

Processing 964/29724: Achievement Battleground Battleforgilneas (achievement_battleground_battleforgilneas)
Fetching fdid for: achievement_battleground_battleforgilneas - https://wago.tools/files?search=achievement_battleground_battleforgilneas
Found fdid 462671 for achievement_battleground_battleforgilneas
✓ Updated Achievement Battleground Battleforgilneas with fdid: 462671

Processing 965/29724: Achievement Ashran Tourofduty (achievement_ashran_tourofduty)
Fetching fdid for: achievement_ashran_tourofduty - https://wago.tools/files?search=achievement_ashran_tourofduty
Found fdid 1060984 for achievement_ashran_tourofduty
✓ Updated Achievement Ashran Tourofduty with fdid: 1060984

Processing 966/29724: Achievement Arena 5v5 1 (achievement_arena_5v5_1)
Fetching fdid for: achievement_arena_5v5_1 - https://wago.tools/files?search=achievement_arena_5v5_1
Found fdid 236337 for achievement_arena_5v5_1
✓ Updated Achievement Arena 5v5 1 with fdid: 236337

Processing 967/29724: Achievement Arena 5v5 5 (achievement_arena_5v5_5)
Fetching fdid for: achievement_arena_5v5_5 - https://wago.tools/files?search=achievement_arena_5v5_5
Found fdid 236337 for achievement_arena_5v5_5
✓ Updated Achievement Arena 5v5 5 with fdid: 236337

Processing 968/29724: Achievement Arena 5v5 4 (achievement_arena_5v5_4)
Fetching fdid for: achievement_arena_5v5_4 - https://wago.tools/files?search=achievement_arena_5v5_4
Found fdid 236340 for achievement_arena_5v5_4
✓ Updated Achievement Arena 5v5 4 with fdid: 236340

Processing 969/29724: Achievement Arena 5v5 2 (achievement_arena_5v5_2)
Fetching fdid for: achievement_arena_5v5_2 - https://wago.tools/files?search=achievement_arena_5v5_2
Found fdid 236337 for achievement_arena_5v5_2
✓ Updated Achievement Arena 5v5 2 with fdid: 236337

Processing 970/29724: Achievement Arena 5v5 3 (achievement_arena_5v5_3)
Fetching fdid for: achievement_arena_5v5_3 - https://wago.tools/files?search=achievement_arena_5v5_3
Found fdid 236339 for achievement_arena_5v5_3
✓ Updated Achievement Arena 5v5 3 with fdid: 236339

Processing 971/29724: Achievement Battleground Templeofkotmogu 02 Purple (achievement_battleground_templeofkotmogu_02_purple)
Fetching fdid for: achievement_battleground_templeofkotmogu_02_purple - https://wago.tools/files?search=achievement_battleground_templeofkotmogu_02_purple
Found fdid 1119888 for achievement_battleground_templeofkotmogu_02_purple
✓ Updated Achievement Battleground Templeofkotmogu 02 Purple with fdid: 1119888

Processing 972/29724: Achievement Bg Ab Crosson  Barrels (achievement_bg_ab_crosson _barrels)
Fetching fdid for: achievement_bg_ab_crosson _barrels - https://wago.tools/files?search=achievement_bg_ab_crosson%20_barrels
Found fdid 236345 for achievement_bg_ab_crosson _barrels
✓ Updated Achievement Bg Ab Crosson  Barrels with fdid: 236345

Processing 973/29724: Achievement Battleground Templeofkotmogu 02 (achievement_battleground_templeofkotmogu_02)
Fetching fdid for: achievement_battleground_templeofkotmogu_02 - https://wago.tools/files?search=achievement_battleground_templeofkotmogu_02
Found fdid 629485 for achievement_battleground_templeofkotmogu_02
✓ Updated Achievement Battleground Templeofkotmogu 02 with fdid: 629485

Processing 974/29724: Achievement Battleground Templeofkotmogu 02 Green (achievement_battleground_templeofkotmogu_02_green)
Fetching fdid for: achievement_battleground_templeofkotmogu_02_green - https://wago.tools/files?search=achievement_battleground_templeofkotmogu_02_green
Found fdid 1119886 for achievement_battleground_templeofkotmogu_02_green
✓ Updated Achievement Battleground Templeofkotmogu 02 Green with fdid: 1119886

Processing 975/29724: Achievement Battleground Silvershardmines (achievement_battleground_silvershardmines)
Fetching fdid for: achievement_battleground_silvershardmines - https://wago.tools/files?search=achievement_battleground_silvershardmines
Found fdid 622094 for achievement_battleground_silvershardmines
✓ Updated Achievement Battleground Silvershardmines with fdid: 622094

Processing 976/29724: Achievement Battleground Templeofkotmogu (achievement_battleground_templeofkotmogu)
Fetching fdid for: achievement_battleground_templeofkotmogu - https://wago.tools/files?search=achievement_battleground_templeofkotmogu
Found fdid 623704 for achievement_battleground_templeofkotmogu
✓ Updated Achievement Battleground Templeofkotmogu with fdid: 623704

Processing 977/29724: Achievement Battleground Templeofkotmogu 02 Orange (achievement_battleground_templeofkotmogu_02_orange)
Fetching fdid for: achievement_battleground_templeofkotmogu_02_orange - https://wago.tools/files?search=achievement_battleground_templeofkotmogu_02_orange
Found fdid 1119887 for achievement_battleground_templeofkotmogu_02_orange
✓ Updated Achievement Battleground Templeofkotmogu 02 Orange with fdid: 1119887

Processing 978/29724: Achievement Battleground Tolvirarena (achievement_battleground_tolvirarena)
Fetching fdid for: achievement_battleground_tolvirarena - https://wago.tools/files?search=achievement_battleground_tolvirarena
Found fdid 623718 for achievement_battleground_tolvirarena
✓ Updated Achievement Battleground Tolvirarena with fdid: 623718

Processing 979/29724: Achievement Bg 3flagcap Nodeaths (achievement_bg_3flagcap_nodeaths)
Fetching fdid for: achievement_bg_3flagcap_nodeaths - https://wago.tools/files?search=achievement_bg_3flagcap_nodeaths
Found fdid 236344 for achievement_bg_3flagcap_nodeaths
✓ Updated Achievement Bg 3flagcap Nodeaths with fdid: 236344

Processing 980/29724: Achievement Battleground Templeofkotmogu 02 Cyan (achievement_battleground_templeofkotmogu_02_cyan)
Fetching fdid for: achievement_battleground_templeofkotmogu_02_cyan - https://wago.tools/files?search=achievement_battleground_templeofkotmogu_02_cyan
Found fdid 1119885 for achievement_battleground_templeofkotmogu_02_cyan
✓ Updated Achievement Battleground Templeofkotmogu 02 Cyan with fdid: 1119885

Processing 981/29724: Achievement Bg Ab Kill In Mine (achievement_bg_ab_kill_in_mine)
Fetching fdid for: achievement_bg_ab_kill_in_mine - https://wago.tools/files?search=achievement_bg_ab_kill_in_mine
Found fdid 236347 for achievement_bg_ab_kill_in_mine
✓ Updated Achievement Bg Ab Kill In Mine with fdid: 236347

Processing 982/29724: Achievement Bg Grab Cap Flagunderxseconds (achievement_bg_grab_cap_flagunderxseconds)
Fetching fdid for: achievement_bg_grab_cap_flagunderxseconds - https://wago.tools/files?search=achievement_bg_grab_cap_flagunderxseconds
Found fdid 236353 for achievement_bg_grab_cap_flagunderxseconds
✓ Updated Achievement Bg Grab Cap Flagunderxseconds with fdid: 236353

Processing 983/29724: Achievement Bg Captureflag Eos (achievement_bg_captureflag_eos)
Fetching fdid for: achievement_bg_captureflag_eos - https://wago.tools/files?search=achievement_bg_captureflag_eos
Found fdid 236349 for achievement_bg_captureflag_eos
✓ Updated Achievement Bg Captureflag Eos with fdid: 236349

Processing 984/29724: Achievement Bg Captureflag Wsg (achievement_bg_captureflag_wsg)
Fetching fdid for: achievement_bg_captureflag_wsg - https://wago.tools/files?search=achievement_bg_captureflag_wsg
Found fdid 236350 for achievement_bg_captureflag_wsg
✓ Updated Achievement Bg Captureflag Wsg with fdid: 236350

Processing 985/29724: Achievement Bg Hld4bases Eos (achievement_bg_hld4bases_eos)
Fetching fdid for: achievement_bg_hld4bases_eos - https://wago.tools/files?search=achievement_bg_hld4bases_eos
Found fdid 236354 for achievement_bg_hld4bases_eos
✓ Updated Achievement Bg Hld4bases Eos with fdid: 236354

Processing 986/29724: Achievement Bg Defendxtowers Av (achievement_bg_defendxtowers_av)
Fetching fdid for: achievement_bg_defendxtowers_av - https://wago.tools/files?search=achievement_bg_defendxtowers_av
Found fdid 236351 for achievement_bg_defendxtowers_av
✓ Updated Achievement Bg Defendxtowers Av with fdid: 236351

Processing 987/29724: Achievement Bg Abshutout (achievement_bg_abshutout)
Fetching fdid for: achievement_bg_abshutout - https://wago.tools/files?search=achievement_bg_abshutout
Found fdid 236348 for achievement_bg_abshutout
✓ Updated Achievement Bg Abshutout with fdid: 236348

Processing 988/29724: Achievement Bg Ab Defendflags (achievement_bg_ab_defendflags)
Fetching fdid for: achievement_bg_ab_defendflags - https://wago.tools/files?search=achievement_bg_ab_defendflags
Found fdid 236346 for achievement_bg_ab_defendflags
✓ Updated Achievement Bg Ab Defendflags with fdid: 236346

Processing 989/29724: Achievement Bg Getxflags No Die (achievement_bg_getxflags_no_die)
Fetching fdid for: achievement_bg_getxflags_no_die - https://wago.tools/files?search=achievement_bg_getxflags_no_die
Found fdid 236352 for achievement_bg_getxflags_no_die
✓ Updated Achievement Bg Getxflags No Die with fdid: 236352

Processing 990/29724: Achievement Bg Dg Master Of The Deepwind Gorge (achievement_bg_dg_master_of_the_deepwind_gorge)
Fetching fdid for: achievement_bg_dg_master_of_the_deepwind_gorge - https://wago.tools/files?search=achievement_bg_dg_master_of_the_deepwind_gorge
Found fdid 879931 for achievement_bg_dg_master_of_the_deepwind_gorge
✓ Updated Achievement Bg Dg Master Of The Deepwind Gorge with fdid: 879931

Processing 991/29724: Achievement Bg Kill Carrier Opposing Flagroom (achievement_bg_kill_carrier_opposing_flagroom)
Fetching fdid for: achievement_bg_kill_carrier_opposing_flagroom - https://wago.tools/files?search=achievement_bg_kill_carrier_opposing_flagroom
Found fdid 236357 for achievement_bg_kill_carrier_opposing_flagroom
✓ Updated Achievement Bg Kill Carrier Opposing Flagroom with fdid: 236357

Processing 992/29724: Achievement Bg Killflagcarriers Grabflag Capit (achievement_bg_killflagcarriers_grabflag_capit)
Fetching fdid for: achievement_bg_killflagcarriers_grabflag_capit - https://wago.tools/files?search=achievement_bg_killflagcarriers_grabflag_capit
Found fdid 236362 for achievement_bg_killflagcarriers_grabflag_capit
✓ Updated Achievement Bg Killflagcarriers Grabflag Capit with fdid: 236362

Processing 993/29724: Achievement Bg Killingblow 30 (achievement_bg_killingblow_30)
Fetching fdid for: achievement_bg_killingblow_30 - https://wago.tools/files?search=achievement_bg_killingblow_30
Found fdid 236363 for achievement_bg_killingblow_30
✓ Updated Achievement Bg Killingblow 30 with fdid: 236363

Processing 994/29724: Achievement Bg Interruptx Flagcapture Attempts (achievement_bg_interruptx_flagcapture_attempts)
Fetching fdid for: achievement_bg_interruptx_flagcapture_attempts - https://wago.tools/files?search=achievement_bg_interruptx_flagcapture_attempts
Found fdid 236355 for achievement_bg_interruptx_flagcapture_attempts
✓ Updated Achievement Bg Interruptx Flagcapture Attempts with fdid: 236355

Processing 995/29724: Achievement Bg Kill On Mount (achievement_bg_kill_on_mount)
Fetching fdid for: achievement_bg_kill_on_mount - https://wago.tools/files?search=achievement_bg_kill_on_mount
Found fdid 236361 for achievement_bg_kill_on_mount
✓ Updated Achievement Bg Kill On Mount with fdid: 236361

Processing 996/29724: Achievement Bg Interruptx Flagcapture Attempts 1game (achievement_bg_interruptx_flagcapture_attempts_1game)
Fetching fdid for: achievement_bg_interruptx_flagcapture_attempts_1game - https://wago.tools/files?search=achievement_bg_interruptx_flagcapture_attempts_1game
Found fdid 236356 for achievement_bg_interruptx_flagcapture_attempts_1game
✓ Updated Achievement Bg Interruptx Flagcapture Attempts 1game with fdid: 236356

Processing 997/29724: Achievement Bg Killingblow Berserker (achievement_bg_killingblow_berserker)
Fetching fdid for: achievement_bg_killingblow_berserker - https://wago.tools/files?search=achievement_bg_killingblow_berserker
Found fdid 236364 for achievement_bg_killingblow_berserker
✓ Updated Achievement Bg Killingblow Berserker with fdid: 236364

Processing 998/29724: Achievement Bg Kill Flag Carrier (achievement_bg_kill_flag_carrier)
Fetching fdid for: achievement_bg_kill_flag_carrier - https://wago.tools/files?search=achievement_bg_kill_flag_carrier
Found fdid 236358 for achievement_bg_kill_flag_carrier
✓ Updated Achievement Bg Kill Flag Carrier with fdid: 236358

Processing 999/29724: Achievement Bg Kill Flag Carrierwsg (achievement_bg_kill_flag_carrierwsg)
Fetching fdid for: achievement_bg_kill_flag_carrierwsg - https://wago.tools/files?search=achievement_bg_kill_flag_carrierwsg
Found fdid 236360 for achievement_bg_kill_flag_carrierwsg
✓ Updated Achievement Bg Kill Flag Carrierwsg with fdid: 236360

Processing 1000/29724: Achievement Bg Kill Flag Carriereos (achievement_bg_kill_flag_carriereos)
Fetching fdid for: achievement_bg_kill_flag_carriereos - https://wago.tools/files?search=achievement_bg_kill_flag_carriereos
Found fdid 236359 for achievement_bg_kill_flag_carriereos
✓ Updated Achievement Bg Kill Flag Carriereos with fdid: 236359

--- Progress Update ---
Processed: 1000/29724
Success: 565, Errors: 0, Skipped: 0
Progress: 3.4%

Processing 1001/29724: Achievement Bg Most Damage Killingblow Dieleast (achievement_bg_most_damage_killingblow_dieleast)
Fetching fdid for: achievement_bg_most_damage_killingblow_dieleast - https://wago.tools/files?search=achievement_bg_most_damage_killingblow_dieleast
Found fdid 236370 for achievement_bg_most_damage_killingblow_dieleast
✓ Updated Achievement Bg Most Damage Killingblow Dieleast with fdid: 236370

Processing 1002/29724: Achievement Bg Killx Flagcarriers Before Leave Base (achievement_bg_killx_flagcarriers_before_leave_base)
Fetching fdid for: achievement_bg_killx_flagcarriers_before_leave_base - https://wago.tools/files?search=achievement_bg_killx_flagcarriers_before_leave_base
Found fdid 236367 for achievement_bg_killx_flagcarriers_before_leave_base
✓ Updated Achievement Bg Killx Flagcarriers Before Leave Base with fdid: 236367

Processing 1003/29724: Achievement Bg Takexflags Ab (achievement_bg_takexflags_ab)
Fetching fdid for: achievement_bg_takexflags_ab - https://wago.tools/files?search=achievement_bg_takexflags_ab
Found fdid 236373 for achievement_bg_takexflags_ab
✓ Updated Achievement Bg Takexflags Ab with fdid: 236373

Processing 1004/29724: Achievement Bg Killxenemies Generalsroom (achievement_bg_killxenemies_generalsroom)
Fetching fdid for: achievement_bg_killxenemies_generalsroom - https://wago.tools/files?search=achievement_bg_killxenemies_generalsroom
Found fdid 236368 for achievement_bg_killxenemies_generalsroom
✓ Updated Achievement Bg Killxenemies Generalsroom with fdid: 236368

Processing 1005/29724: Achievement Bg Killingblow Startingrock (achievement_bg_killingblow_startingrock)
Fetching fdid for: achievement_bg_killingblow_startingrock - https://wago.tools/files?search=achievement_bg_killingblow_startingrock
Found fdid 236366 for achievement_bg_killingblow_startingrock
✓ Updated Achievement Bg Killingblow Startingrock with fdid: 236366

Processing 1006/29724: Achievement Bg Masterofallbgs (achievement_bg_masterofallbgs)
Fetching fdid for: achievement_bg_masterofallbgs - https://wago.tools/files?search=achievement_bg_masterofallbgs
Found fdid 236369 for achievement_bg_masterofallbgs
✓ Updated Achievement Bg Masterofallbgs with fdid: 236369

Processing 1007/29724: Achievement Bg Returnxflags Def Wsg (achievement_bg_returnxflags_def_wsg)
Fetching fdid for: achievement_bg_returnxflags_def_wsg - https://wago.tools/files?search=achievement_bg_returnxflags_def_wsg
Found fdid 236372 for achievement_bg_returnxflags_def_wsg
✓ Updated Achievement Bg Returnxflags Def Wsg with fdid: 236372

Processing 1008/29724: Achievement Bg Topdps (achievement_bg_topdps)
Fetching fdid for: achievement_bg_topdps - https://wago.tools/files?search=achievement_bg_topdps
Found fdid 236374 for achievement_bg_topdps
✓ Updated Achievement Bg Topdps with fdid: 236374

Processing 1009/29724: Achievement Bg Overcome500disadvantage (achievement_bg_overcome500disadvantage)
Fetching fdid for: achievement_bg_overcome500disadvantage - https://wago.tools/files?search=achievement_bg_overcome500disadvantage
Found fdid 236371 for achievement_bg_overcome500disadvantage
✓ Updated Achievement Bg Overcome500disadvantage with fdid: 236371

Processing 1010/29724: Achievement Bg Killingblow Most (achievement_bg_killingblow_most)
Fetching fdid for: achievement_bg_killingblow_most - https://wago.tools/files?search=achievement_bg_killingblow_most
Found fdid 236365 for achievement_bg_killingblow_most
✓ Updated Achievement Bg Killingblow Most with fdid: 236365

Processing 1011/29724: Achievement Bg Win Ab X Times (achievement_bg_win_ab_x_times)
Fetching fdid for: achievement_bg_win_ab_x_times - https://wago.tools/files?search=achievement_bg_win_ab_x_times
Found fdid 236381 for achievement_bg_win_ab_x_times
✓ Updated Achievement Bg Win Ab X Times with fdid: 236381

Processing 1012/29724: Achievement Bg Win Wsg X Times (achievement_bg_win_wsg_x_times)
Fetching fdid for: achievement_bg_win_wsg_x_times - https://wago.tools/files?search=achievement_bg_win_wsg_x_times
Found fdid 236384 for achievement_bg_win_wsg_x_times
✓ Updated Achievement Bg Win Wsg X Times with fdid: 236384

Processing 1013/29724: Achievement Bg Win Eos X Times (achievement_bg_win_eos_x_times)
Fetching fdid for: achievement_bg_win_eos_x_times - https://wago.tools/files?search=achievement_bg_win_eos_x_times
Found fdid 236383 for achievement_bg_win_eos_x_times
✓ Updated Achievement Bg Win Eos X Times with fdid: 236383

Processing 1014/29724: Achievement Bg Tophealer Wsg (achievement_bg_tophealer_wsg)
Fetching fdid for: achievement_bg_tophealer_wsg - https://wago.tools/files?search=achievement_bg_tophealer_wsg
Found fdid 236379 for achievement_bg_tophealer_wsg
✓ Updated Achievement Bg Tophealer Wsg with fdid: 236379

Processing 1015/29724: Achievement Bg Trueavshutout (achievement_bg_trueavshutout)
Fetching fdid for: achievement_bg_trueavshutout - https://wago.tools/files?search=achievement_bg_trueavshutout
Found fdid 236380 for achievement_bg_trueavshutout
✓ Updated Achievement Bg Trueavshutout with fdid: 236380

Processing 1016/29724: Achievement Bg Tophealer Av (achievement_bg_tophealer_av)
Fetching fdid for: achievement_bg_tophealer_av - https://wago.tools/files?search=achievement_bg_tophealer_av
Found fdid 236376 for achievement_bg_tophealer_av
✓ Updated Achievement Bg Tophealer Av with fdid: 236376

Processing 1017/29724: Achievement Bg Tophealer Ab (achievement_bg_tophealer_ab)
Fetching fdid for: achievement_bg_tophealer_ab - https://wago.tools/files?search=achievement_bg_tophealer_ab
Found fdid 236375 for achievement_bg_tophealer_ab
✓ Updated Achievement Bg Tophealer Ab with fdid: 236375

Processing 1018/29724: Achievement Bg Win Av X Times (achievement_bg_win_av_x_times)
Fetching fdid for: achievement_bg_win_av_x_times - https://wago.tools/files?search=achievement_bg_win_av_x_times
Found fdid 236382 for achievement_bg_win_av_x_times
✓ Updated Achievement Bg Win Av X Times with fdid: 236382

Processing 1019/29724: Achievement Bg Tophealer Eos (achievement_bg_tophealer_eos)
Fetching fdid for: achievement_bg_tophealer_eos - https://wago.tools/files?search=achievement_bg_tophealer_eos
Found fdid 236377 for achievement_bg_tophealer_eos
✓ Updated Achievement Bg Tophealer Eos with fdid: 236377

Processing 1020/29724: Achievement Bg Tophealer Soa (achievement_bg_tophealer_soa)
Fetching fdid for: achievement_bg_tophealer_soa - https://wago.tools/files?search=achievement_bg_tophealer_soa
Found fdid 236378 for achievement_bg_tophealer_soa
✓ Updated Achievement Bg Tophealer Soa with fdid: 236378

Processing 1021/29724: Achievement Bg Winab (achievement_bg_winab)
Fetching fdid for: achievement_bg_winab - https://wago.tools/files?search=achievement_bg_winab
Found fdid 236381 for achievement_bg_winab
✓ Updated Achievement Bg Winab with fdid: 236381

Processing 1022/29724: Achievement Bg Winav (achievement_bg_winav)
Fetching fdid for: achievement_bg_winav - https://wago.tools/files?search=achievement_bg_winav
Found fdid 236382 for achievement_bg_winav
✓ Updated Achievement Bg Winav with fdid: 236382

Processing 1023/29724: Achievement Bg Winav Bothmines (achievement_bg_winav_bothmines)
Fetching fdid for: achievement_bg_winav_bothmines - https://wago.tools/files?search=achievement_bg_winav_bothmines
Found fdid 236389 for achievement_bg_winav_bothmines
✓ Updated Achievement Bg Winav Bothmines with fdid: 236389

Processing 1024/29724: Achievement Bg Winab 5cap (achievement_bg_winab_5cap)
Fetching fdid for: achievement_bg_winab_5cap - https://wago.tools/files?search=achievement_bg_winab_5cap
Found fdid 236386 for achievement_bg_winab_5cap
✓ Updated Achievement Bg Winab 5cap with fdid: 236386

Processing 1025/29724: Achievement Bg Wineos Underxminutes (achievement_bg_wineos_underxminutes)
Fetching fdid for: achievement_bg_wineos_underxminutes - https://wago.tools/files?search=achievement_bg_wineos_underxminutes
Found fdid 236393 for achievement_bg_wineos_underxminutes
✓ Updated Achievement Bg Wineos Underxminutes with fdid: 236393

Processing 1026/29724: Achievement Bg Wineos (achievement_bg_wineos)
Fetching fdid for: achievement_bg_wineos - https://wago.tools/files?search=achievement_bg_wineos
Found fdid 236383 for achievement_bg_wineos
✓ Updated Achievement Bg Wineos with fdid: 236383

Processing 1027/29724: Achievement Bg Winbyten (achievement_bg_winbyten)
Fetching fdid for: achievement_bg_winbyten - https://wago.tools/files?search=achievement_bg_winbyten
Found fdid 236391 for achievement_bg_winbyten
✓ Updated Achievement Bg Winbyten with fdid: 236391

Processing 1028/29724: Achievement Bg Winsoa (achievement_bg_winsoa)
Fetching fdid for: achievement_bg_winsoa - https://wago.tools/files?search=achievement_bg_winsoa
Found fdid 236394 for achievement_bg_winsoa
✓ Updated Achievement Bg Winsoa with fdid: 236394

Processing 1029/29724: Achievement Bg Winab Underxminutes (achievement_bg_winab_underxminutes)
Fetching fdid for: achievement_bg_winab_underxminutes - https://wago.tools/files?search=achievement_bg_winab_underxminutes
Found fdid 236387 for achievement_bg_winab_underxminutes
✓ Updated Achievement Bg Winab Underxminutes with fdid: 236387

Processing 1030/29724: Achievement Bg Winav Underxminutes (achievement_bg_winav_underxminutes)
Fetching fdid for: achievement_bg_winav_underxminutes - https://wago.tools/files?search=achievement_bg_winav_underxminutes
Found fdid 236390 for achievement_bg_winav_underxminutes
✓ Updated Achievement Bg Winav Underxminutes with fdid: 236390

Processing 1031/29724: Achievement Bg Winwsg (achievement_bg_winwsg)
Fetching fdid for: achievement_bg_winwsg - https://wago.tools/files?search=achievement_bg_winwsg
Found fdid 236384 for achievement_bg_winwsg
✓ Updated Achievement Bg Winwsg with fdid: 236384

Processing 1032/29724: Achievement Alakir The Windlord (achievement_boss_alakir the windlord)
Fetching fdid for: achievement_boss_alakir the windlord - https://wago.tools/files?search=achievement_boss_alakir%20the%20windlord
Found fdid 468507 for achievement_boss_alakir the windlord
✓ Updated Achievement Alakir The Windlord with fdid: 468507

Processing 1033/29724: Achievement Aeonus 01 (achievement_boss_aeonus_01)
Fetching fdid for: achievement_boss_aeonus_01 - https://wago.tools/files?search=achievement_boss_aeonus_01
Found fdid 254086 for achievement_boss_aeonus_01
✓ Updated Achievement Aeonus 01 with fdid: 254086

Processing 1034/29724: Achievement Bg Winwsg 3-0 (achievement_bg_winwsg_3-0)
Fetching fdid for: achievement_bg_winwsg_3-0 - https://wago.tools/files?search=achievement_bg_winwsg_3-0
Found fdid 236397 for achievement_bg_winwsg_3-0
✓ Updated Achievement Bg Winwsg 3-0 with fdid: 236397

Processing 1035/29724: Achievement Bg Xkills Avgraveyard (achievement_bg_xkills_avgraveyard)
Fetching fdid for: achievement_bg_xkills_avgraveyard - https://wago.tools/files?search=achievement_bg_xkills_avgraveyard
Found fdid 236399 for achievement_bg_xkills_avgraveyard
✓ Updated Achievement Bg Xkills Avgraveyard with fdid: 236399

Processing 1036/29724: Achievement Bg Winsoa Underxminutes (achievement_bg_winsoa_underxminutes)
Fetching fdid for: achievement_bg_winsoa_underxminutes - https://wago.tools/files?search=achievement_bg_winsoa_underxminutes
Found fdid 236395 for achievement_bg_winsoa_underxminutes
✓ Updated Achievement Bg Winsoa Underxminutes with fdid: 236395

Processing 1037/29724: Achievement Amnennar The Coldbringer (achievement_boss_amnennar_the_coldbringer)
Fetching fdid for: achievement_boss_amnennar_the_coldbringer - https://wago.tools/files?search=achievement_boss_amnennar_the_coldbringer
Found fdid 236400 for achievement_boss_amnennar_the_coldbringer
✓ Updated Achievement Amnennar The Coldbringer with fdid: 236400

Processing 1038/29724: Achievement Anomalus (achievement_boss_anomalus)
Fetching fdid for: achievement_boss_anomalus - https://wago.tools/files?search=achievement_boss_anomalus
Found fdid 298642 for achievement_boss_anomalus
✓ Updated Achievement Anomalus with fdid: 298642

Processing 1039/29724: Achievement Algalon 01 (achievement_boss_algalon_01)
Fetching fdid for: achievement_boss_algalon_01 - https://wago.tools/files?search=achievement_boss_algalon_01
Found fdid 254087 for achievement_boss_algalon_01
✓ Updated Achievement Algalon 01 with fdid: 254087

Processing 1040/29724: Achievement Bg Winwsg Underxminutes (achievement_bg_winwsg_underxminutes)
Fetching fdid for: achievement_bg_winwsg_underxminutes - https://wago.tools/files?search=achievement_bg_winwsg_underxminutes
Found fdid 236398 for achievement_bg_winwsg_underxminutes
✓ Updated Achievement Bg Winwsg Underxminutes with fdid: 236398

Processing 1041/29724: Achievement Archaedas (achievement_boss_archaedas)
Fetching fdid for: achievement_boss_archaedas - https://wago.tools/files?search=achievement_boss_archaedas
Found fdid 236401 for achievement_boss_archaedas
✓ Updated Achievement Archaedas with fdid: 236401

Processing 1042/29724: Achievement Argus Aggramar (achievement_boss_argus_aggramar)
Fetching fdid for: achievement_boss_argus_aggramar - https://wago.tools/files?search=achievement_boss_argus_aggramar
Found fdid 1711325 for achievement_boss_argus_aggramar
✓ Updated Achievement Argus Aggramar with fdid: 1711325

Processing 1043/29724: Achievement Argus Bountyhunter (achievement_boss_argus_bountyhunter)
Fetching fdid for: achievement_boss_argus_bountyhunter - https://wago.tools/files?search=achievement_boss_argus_bountyhunter
Found fdid 1711326 for achievement_boss_argus_bountyhunter
✓ Updated Achievement Argus Bountyhunter with fdid: 1711326

Processing 1044/29724: Achievement Argus Hound (achievement_boss_argus_hound)
Fetching fdid for: achievement_boss_argus_hound - https://wago.tools/files?search=achievement_boss_argus_hound
Found fdid 1711330 for achievement_boss_argus_hound
✓ Updated Achievement Argus Hound with fdid: 1711330

Processing 1045/29724: Achievement Argus Femaleeredar (achievement_boss_argus_femaleeredar)
Fetching fdid for: achievement_boss_argus_femaleeredar - https://wago.tools/files?search=achievement_boss_argus_femaleeredar
Found fdid 1711329 for achievement_boss_argus_femaleeredar
✓ Updated Achievement Argus Femaleeredar with fdid: 1711329

Processing 1046/29724: Achievement Argus Eonar (achievement_boss_argus_eonar)
Fetching fdid for: achievement_boss_argus_eonar - https://wago.tools/files?search=achievement_boss_argus_eonar
Found fdid 1711327 for achievement_boss_argus_eonar
✓ Updated Achievement Argus Eonar with fdid: 1711327

Processing 1047/29724: Achievement Archmagearugal (achievement_boss_archmagearugal)
Fetching fdid for: achievement_boss_archmagearugal - https://wago.tools/files?search=achievement_boss_archmagearugal
Found fdid 254646 for achievement_boss_archmagearugal
✓ Updated Achievement Archmagearugal with fdid: 254646

Processing 1048/29724: Achievement Argus Felreaver (achievement_boss_argus_felreaver)
Fetching fdid for: achievement_boss_argus_felreaver - https://wago.tools/files?search=achievement_boss_argus_felreaver
Found fdid 1711328 for achievement_boss_argus_felreaver
✓ Updated Achievement Argus Felreaver with fdid: 1711328

Processing 1049/29724: Achievement Anubarak (achievement_boss_anubarak)
Fetching fdid for: achievement_boss_anubarak - https://wago.tools/files?search=achievement_boss_anubarak
Found fdid 298643 for achievement_boss_anubarak
✓ Updated Achievement Anubarak with fdid: 298643

Processing 1050/29724: Achievement Archimonde  (achievement_boss_archimonde )
Fetching fdid for: achievement_boss_archimonde  - https://wago.tools/files?search=achievement_boss_archimonde%20
Found fdid 236402 for achievement_boss_archimonde 
✓ Updated Achievement Archimonde  with fdid: 236402

--- Progress Update ---
Processed: 1050/29724
Success: 615, Errors: 0, Skipped: 0
Progress: 3.5%

Processing 1051/29724: Achievement Auriaya 01 (achievement_boss_auriaya_01)
Fetching fdid for: achievement_boss_auriaya_01 - https://wago.tools/files?search=achievement_boss_auriaya_01
Found fdid 254088 for achievement_boss_auriaya_01
✓ Updated Achievement Auriaya 01 with fdid: 254088

Processing 1052/29724: Achievement Argus Shivan (achievement_boss_argus_shivan)
Fetching fdid for: achievement_boss_argus_shivan - https://wago.tools/files?search=achievement_boss_argus_shivan
Found fdid 1711332 for achievement_boss_argus_shivan
✓ Updated Achievement Argus Shivan with fdid: 1711332

Processing 1053/29724: Achievement Azshara (achievement_boss_azshara)
Fetching fdid for: achievement_boss_azshara - https://wago.tools/files?search=achievement_boss_azshara
Found fdid 3012068 for achievement_boss_azshara
✓ Updated Achievement Azshara with fdid: 3012068

Processing 1054/29724: Achievement Bazil Thredd (achievement_boss_bazil_thredd)
Fetching fdid for: achievement_boss_bazil_thredd - https://wago.tools/files?search=achievement_boss_bazil_thredd
Found fdid 236404 for achievement_boss_bazil_thredd
✓ Updated Achievement Bazil Thredd with fdid: 236404

Processing 1055/29724: Achievement Bazil Akumai (achievement_boss_bazil_akumai)
Fetching fdid for: achievement_boss_bazil_akumai - https://wago.tools/files?search=achievement_boss_bazil_akumai
Found fdid 236403 for achievement_boss_bazil_akumai
✓ Updated Achievement Bazil Akumai with fdid: 236403

Processing 1056/29724: Achievement Ashvanemonstrosity (achievement_boss_ashvanemonstrosity)
Fetching fdid for: achievement_boss_ashvanemonstrosity - https://wago.tools/files?search=achievement_boss_ashvanemonstrosity
Found fdid 3012067 for achievement_boss_ashvanemonstrosity
✓ Updated Achievement Ashvanemonstrosity with fdid: 3012067

Processing 1057/29724: Achievement Argus Varimathras (achievement_boss_argus_varimathras)
Fetching fdid for: achievement_boss_argus_varimathras - https://wago.tools/files?search=achievement_boss_argus_varimathras
Found fdid 1711334 for achievement_boss_argus_varimathras
✓ Updated Achievement Argus Varimathras with fdid: 1711334

Processing 1058/29724: Achievement Argus Worldsoul (achievement_boss_argus_worldsoul)
Fetching fdid for: achievement_boss_argus_worldsoul - https://wago.tools/files?search=achievement_boss_argus_worldsoul
Found fdid 1711335 for achievement_boss_argus_worldsoul
✓ Updated Achievement Argus Worldsoul with fdid: 1711335

Processing 1059/29724: Achievement Argus Titanbuilder (achievement_boss_argus_titanbuilder)
Fetching fdid for: achievement_boss_argus_titanbuilder - https://wago.tools/files?search=achievement_boss_argus_titanbuilder
Found fdid 1711333 for achievement_boss_argus_titanbuilder
✓ Updated Achievement Argus Titanbuilder with fdid: 1711333

Processing 1060/29724: Achievement Argus Maleeredar (achievement_boss_argus_maleeredar)
Fetching fdid for: achievement_boss_argus_maleeredar - https://wago.tools/files?search=achievement_boss_argus_maleeredar
Found fdid 1711331 for achievement_boss_argus_maleeredar
✓ Updated Achievement Argus Maleeredar with fdid: 1711331

Processing 1061/29724: Achievement Cyanigosa (achievement_boss_cyanigosa)
Fetching fdid for: achievement_boss_cyanigosa - https://wago.tools/files?search=achievement_boss_cyanigosa
Found fdid 298644 for achievement_boss_cyanigosa
✓ Updated Achievement Cyanigosa with fdid: 298644

Processing 1062/29724: Achievement Cthun (achievement_boss_cthun)
Fetching fdid for: achievement_boss_cthun - https://wago.tools/files?search=achievement_boss_cthun
Found fdid 236407 for achievement_boss_cthun
✓ Updated Achievement Cthun with fdid: 236407

Processing 1063/29724: Achievement Broodmotheraranae (achievement_boss_broodmotheraranae)
Fetching fdid for: achievement_boss_broodmotheraranae - https://wago.tools/files?search=achievement_boss_broodmotheraranae
Found fdid 524349 for achievement_boss_broodmotheraranae
✓ Updated Achievement Broodmotheraranae with fdid: 524349

Processing 1064/29724: Achievement Charlgarazorflank (achievement_boss_charlgarazorflank)
Fetching fdid for: achievement_boss_charlgarazorflank - https://wago.tools/files?search=achievement_boss_charlgarazorflank
Found fdid 236405 for achievement_boss_charlgarazorflank
✓ Updated Achievement Charlgarazorflank with fdid: 236405

Processing 1065/29724: Achievement Councilsentinel (achievement_boss_councilsentinel)
Fetching fdid for: achievement_boss_councilsentinel - https://wago.tools/files?search=achievement_boss_councilsentinel
Found fdid 1568516 for achievement_boss_councilsentinel
✓ Updated Achievement Councilsentinel with fdid: 1568516

Processing 1066/29724: Achievement Chiefukorzsandscalp (achievement_boss_chiefukorzsandscalp)
Fetching fdid for: achievement_boss_chiefukorzsandscalp - https://wago.tools/files?search=achievement_boss_chiefukorzsandscalp
Found fdid 236406 for achievement_boss_chiefukorzsandscalp
✓ Updated Achievement Chiefukorzsandscalp with fdid: 236406

Processing 1067/29724: Achievement Bronjahm (achievement_boss_bronjahm)
Fetching fdid for: achievement_boss_bronjahm - https://wago.tools/files?search=achievement_boss_bronjahm
Found fdid 343631 for achievement_boss_bronjahm
✓ Updated Achievement Bronjahm with fdid: 343631

Processing 1068/29724: Achievement Breaker Darmac (achievement_boss_breaker_darmac)
Fetching fdid for: achievement_boss_breaker_darmac - https://wago.tools/files?search=achievement_boss_breaker_darmac
Found fdid 1004898 for achievement_boss_breaker_darmac
✓ Updated Achievement Breaker Darmac with fdid: 1004898

Processing 1069/29724: Achievement Blackhand (achievement_boss_blackhand)
Fetching fdid for: achievement_boss_blackhand - https://wago.tools/files?search=achievement_boss_blackhand
Found fdid 1005700 for achievement_boss_blackhand
✓ Updated Achievement Blackhand with fdid: 1005700

Processing 1070/29724: Achievement Councilofelders (achievement_boss_councilofelders)
Fetching fdid for: achievement_boss_councilofelders - https://wago.tools/files?search=achievement_boss_councilofelders
Found fdid 798551 for achievement_boss_councilofelders
✓ Updated Achievement Councilofelders with fdid: 798551

Processing 1071/29724: Achievement Drakkisath (achievement_boss_drakkisath)
Fetching fdid for: achievement_boss_drakkisath - https://wago.tools/files?search=achievement_boss_drakkisath
Found fdid 236408 for achievement_boss_drakkisath
✓ Updated Achievement Drakkisath with fdid: 236408

Processing 1072/29724: Achievement Darkanimus (achievement_boss_darkanimus)
Fetching fdid for: achievement_boss_darkanimus - https://wago.tools/files?search=achievement_boss_darkanimus
Found fdid 839610 for achievement_boss_darkanimus
✓ Updated Achievement Darkanimus with fdid: 839610

Processing 1073/29724: Achievement Epochhunter (achievement_boss_epochhunter)
Fetching fdid for: achievement_boss_epochhunter - https://wago.tools/files?search=achievement_boss_epochhunter
Found fdid 254647 for achievement_boss_epochhunter
✓ Updated Achievement Epochhunter with fdid: 254647

Processing 1074/29724: Achievement Emperordagranthaurissan (achievement_boss_emperordagranthaurissan)
Fetching fdid for: achievement_boss_emperordagranthaurissan - https://wago.tools/files?search=achievement_boss_emperordagranthaurissan
Found fdid 236410 for achievement_boss_emperordagranthaurissan
✓ Updated Achievement Emperordagranthaurissan with fdid: 236410

Processing 1075/29724: Achievement Edwinvancleef (achievement_boss_edwinvancleef)
Fetching fdid for: achievement_boss_edwinvancleef - https://wago.tools/files?search=achievement_boss_edwinvancleef
Found fdid 236409 for achievement_boss_edwinvancleef
✓ Updated Achievement Edwinvancleef with fdid: 236409

Processing 1076/29724: Achievement Eregos (achievement_boss_eregos)
Fetching fdid for: achievement_boss_eregos - https://wago.tools/files?search=achievement_boss_eregos
Found fdid 298646 for achievement_boss_eregos
✓ Updated Achievement Eregos with fdid: 298646

Processing 1077/29724: Achievement Eldernadox (achievement_boss_eldernadox)
Fetching fdid for: achievement_boss_eldernadox - https://wago.tools/files?search=achievement_boss_eldernadox
Found fdid 298645 for achievement_boss_eldernadox
✓ Updated Achievement Eldernadox with fdid: 298645

Processing 1078/29724: Achievement Elitenagamale (achievement_boss_elitenagamale)
Fetching fdid for: achievement_boss_elitenagamale - https://wago.tools/files?search=achievement_boss_elitenagamale
Found fdid 3012069 for achievement_boss_elitenagamale
✓ Updated Achievement Elitenagamale with fdid: 3012069

Processing 1079/29724: Achievement Devourerofsouls (achievement_boss_devourerofsouls)
Fetching fdid for: achievement_boss_devourerofsouls - https://wago.tools/files?search=achievement_boss_devourerofsouls
Found fdid 343632 for achievement_boss_devourerofsouls
✓ Updated Achievement Devourerofsouls with fdid: 343632

Processing 1080/29724: Achievement Durumu (achievement_boss_durumu)
Fetching fdid for: achievement_boss_durumu - https://wago.tools/files?search=achievement_boss_durumu
Found fdid 800992 for achievement_boss_durumu
✓ Updated Achievement Durumu with fdid: 800992

Processing 1081/29724: Achievement Fourhorsemen (achievement_boss_fourhorsemen)
Fetching fdid for: achievement_boss_fourhorsemen - https://wago.tools/files?search=achievement_boss_fourhorsemen
Found fdid 298647 for achievement_boss_fourhorsemen
✓ Updated Achievement Fourhorsemen with fdid: 298647

Processing 1082/29724: Achievement Flamebender Kagraz (achievement_boss_flamebender_kagraz)
Fetching fdid for: achievement_boss_flamebender_kagraz - https://wago.tools/files?search=achievement_boss_flamebender_kagraz
Found fdid 1004899 for achievement_boss_flamebender_kagraz
✓ Updated Achievement Flamebender Kagraz with fdid: 1004899

Processing 1083/29724: Achievement Exarch Maladaar (achievement_boss_exarch_maladaar)
Fetching fdid for: achievement_boss_exarch_maladaar - https://wago.tools/files?search=achievement_boss_exarch_maladaar
Found fdid 236411 for achievement_boss_exarch_maladaar
✓ Updated Achievement Exarch Maladaar with fdid: 236411

Processing 1084/29724: Achievement Festergutrotface (achievement_boss_festergutrotface)
Fetching fdid for: achievement_boss_festergutrotface - https://wago.tools/files?search=achievement_boss_festergutrotface
Found fdid 342913 for achievement_boss_festergutrotface
✓ Updated Achievement Festergutrotface with fdid: 342913

Processing 1085/29724: Achievement Fomorsmith (achievement_boss_fomorsmith)
Fetching fdid for: achievement_boss_fomorsmith - https://wago.tools/files?search=achievement_boss_fomorsmith
Found fdid 1030795 for achievement_boss_fomorsmith
✓ Updated Achievement Fomorsmith with fdid: 1030795

Processing 1086/29724: Achievement Furyfurnace (achievement_boss_furyfurnace)
Fetching fdid for: achievement_boss_furyfurnace - https://wago.tools/files?search=achievement_boss_furyfurnace
Found fdid 1003741 for achievement_boss_furyfurnace
✓ Updated Achievement Furyfurnace with fdid: 1003741

Processing 1087/29724: Achievement Flamebender Fomorsmith (achievement_boss_flamebender_fomorsmith)
Fetching fdid for: achievement_boss_flamebender_fomorsmith - https://wago.tools/files?search=achievement_boss_flamebender_fomorsmith
Found fdid 1030795 for achievement_boss_flamebender_fomorsmith
✓ Updated Achievement Flamebender Fomorsmith with fdid: 1030795

Processing 1088/29724: Achievement Freya 01 (achievement_boss_freya_01)
Fetching fdid for: achievement_boss_freya_01 - https://wago.tools/files?search=achievement_boss_freya_01
Found fdid 254089 for achievement_boss_freya_01
✓ Updated Achievement Freya 01 with fdid: 254089

Processing 1089/29724: Achievement Forgemaster (achievement_boss_forgemaster)
Fetching fdid for: achievement_boss_forgemaster - https://wago.tools/files?search=achievement_boss_forgemaster
Found fdid 342914 for achievement_boss_forgemaster
✓ Updated Achievement Forgemaster with fdid: 342914

Processing 1090/29724: Achievement Galakras (achievement_boss_galakras)
Fetching fdid for: achievement_boss_galakras - https://wago.tools/files?search=achievement_boss_galakras
Found fdid 896665 for achievement_boss_galakras
✓ Updated Achievement Galakras with fdid: 896665

Processing 1091/29724: Achievement Garrosh (achievement_boss_garrosh)
Fetching fdid for: achievement_boss_garrosh - https://wago.tools/files?search=achievement_boss_garrosh
Found fdid 896622 for achievement_boss_garrosh
✓ Updated Achievement Garrosh with fdid: 896622

Processing 1092/29724: Achievement Galdarah (achievement_boss_galdarah)
Fetching fdid for: achievement_boss_galdarah - https://wago.tools/files?search=achievement_boss_galdarah
Found fdid 298648 for achievement_boss_galdarah
✓ Updated Achievement Galdarah with fdid: 298648

Processing 1093/29724: Achievement General Nazgrim (achievement_boss_general_nazgrim)
Fetching fdid for: achievement_boss_general_nazgrim - https://wago.tools/files?search=achievement_boss_general_nazgrim
Found fdid 897144 for achievement_boss_general_nazgrim
✓ Updated Achievement General Nazgrim with fdid: 897144

Processing 1094/29724: Achievement Grandwidowfaerlina (achievement_boss_grandwidowfaerlina)
Fetching fdid for: achievement_boss_grandwidowfaerlina - https://wago.tools/files?search=achievement_boss_grandwidowfaerlina
Found fdid 298651 for achievement_boss_grandwidowfaerlina
✓ Updated Achievement Grandwidowfaerlina with fdid: 298651

Processing 1095/29724: Achievement Generalbjarngrim (achievement_boss_generalbjarngrim)
Fetching fdid for: achievement_boss_generalbjarngrim - https://wago.tools/files?search=achievement_boss_generalbjarngrim
Found fdid 298649 for achievement_boss_generalbjarngrim
✓ Updated Achievement Generalbjarngrim with fdid: 298649

Processing 1096/29724: Achievement Generaldrakkisath (achievement_boss_generaldrakkisath)
Fetching fdid for: achievement_boss_generaldrakkisath - https://wago.tools/files?search=achievement_boss_generaldrakkisath
Found fdid 254648 for achievement_boss_generaldrakkisath
✓ Updated Achievement Generaldrakkisath with fdid: 254648

Processing 1097/29724: Achievement Gruul (achievement_boss_gruul)
Fetching fdid for: achievement_boss_gruul - https://wago.tools/files?search=achievement_boss_gruul
Found fdid 236412 for achievement_boss_gruul
✓ Updated Achievement Gruul with fdid: 236412

Processing 1098/29724: Achievement Golden Lotus Council (achievement_boss_golden_lotus_council)
Fetching fdid for: achievement_boss_golden_lotus_council - https://wago.tools/files?search=achievement_boss_golden_lotus_council
Found fdid 897027 for achievement_boss_golden_lotus_council
✓ Updated Achievement Golden Lotus Council with fdid: 897027

Processing 1099/29724: Achievement Generalvezax 01 (achievement_boss_generalvezax_01)
Fetching fdid for: achievement_boss_generalvezax_01 - https://wago.tools/files?search=achievement_boss_generalvezax_01
Found fdid 254090 for achievement_boss_generalvezax_01
✓ Updated Achievement Generalvezax 01 with fdid: 254090

Processing 1100/29724: Achievement Grandmagustelestra (achievement_boss_grandmagustelestra)
Fetching fdid for: achievement_boss_grandmagustelestra - https://wago.tools/files?search=achievement_boss_grandmagustelestra
Found fdid 298650 for achievement_boss_grandmagustelestra
✓ Updated Achievement Grandmagustelestra with fdid: 298650

--- Progress Update ---
Processed: 1100/29724
Success: 665, Errors: 0, Skipped: 0
Progress: 3.7%

Processing 1101/29724: Achievement Guarm (achievement_boss_guarm)
Fetching fdid for: achievement_boss_guarm - https://wago.tools/files?search=achievement_boss_guarm
Found fdid 1530369 for achievement_boss_guarm
✓ Updated Achievement Guarm with fdid: 1530369

Processing 1102/29724: Achievement Hakkar (achievement_boss_hakkar)
Fetching fdid for: achievement_boss_hakkar - https://wago.tools/files?search=achievement_boss_hakkar
Found fdid 236413 for achievement_boss_hakkar
✓ Updated Achievement Hakkar with fdid: 236413

Processing 1103/29724: Achievement Gruulthedragonkiller (achievement_boss_gruulthedragonkiller)
Fetching fdid for: achievement_boss_gruulthedragonkiller - https://wago.tools/files?search=achievement_boss_gruulthedragonkiller
Found fdid 236412 for achievement_boss_gruulthedragonkiller
✓ Updated Achievement Gruulthedragonkiller with fdid: 236412

Processing 1104/29724: Achievement Hellfire Felarakkoa (achievement_boss_hellfire_felarakkoa)
Fetching fdid for: achievement_boss_hellfire_felarakkoa - https://wago.tools/files?search=achievement_boss_hellfire_felarakkoa
Found fdid 1113432 for achievement_boss_hellfire_felarakkoa
✓ Updated Achievement Hellfire Felarakkoa with fdid: 1113432

Processing 1105/29724: Achievement Hadronox (achievement_boss_hadronox)
Fetching fdid for: achievement_boss_hadronox - https://wago.tools/files?search=achievement_boss_hadronox
Found fdid 298652 for achievement_boss_hadronox
✓ Updated Achievement Hadronox with fdid: 298652

Processing 1106/29724: Achievement Heigantheunclean (achievement_boss_heigantheunclean)
Fetching fdid for: achievement_boss_heigantheunclean - https://wago.tools/files?search=achievement_boss_heigantheunclean
Found fdid 298653 for achievement_boss_heigantheunclean
✓ Updated Achievement Heigantheunclean with fdid: 298653

Processing 1107/29724: Achievement Hellfire Antipaladin (achievement_boss_hellfire_antipaladin)
Fetching fdid for: achievement_boss_hellfire_antipaladin - https://wago.tools/files?search=achievement_boss_hellfire_antipaladin
Found fdid 1113430 for achievement_boss_hellfire_antipaladin
✓ Updated Achievement Hellfire Antipaladin with fdid: 1113430

Processing 1108/29724: Achievement Harbinger Skyriss (achievement_boss_harbinger_skyriss)
Fetching fdid for: achievement_boss_harbinger_skyriss - https://wago.tools/files?search=achievement_boss_harbinger_skyriss
Found fdid 236414 for achievement_boss_harbinger_skyriss
✓ Updated Achievement Harbinger Skyriss with fdid: 236414

Processing 1109/29724: Achievement Hellfire Fellord (achievement_boss_hellfire_fellord)
Fetching fdid for: achievement_boss_hellfire_fellord - https://wago.tools/files?search=achievement_boss_hellfire_fellord
Found fdid 1113433 for achievement_boss_hellfire_fellord
✓ Updated Achievement Hellfire Fellord with fdid: 1113433

Processing 1110/29724: Achievement Hellfire Archimonde (achievement_boss_hellfire_archimonde)
Fetching fdid for: achievement_boss_hellfire_archimonde - https://wago.tools/files?search=achievement_boss_hellfire_archimonde
Found fdid 1113431 for achievement_boss_hellfire_archimonde
✓ Updated Achievement Hellfire Archimonde with fdid: 1113431

Processing 1111/29724: Achievement Hellfire Kilrogg (achievement_boss_hellfire_kilrogg)
Fetching fdid for: achievement_boss_hellfire_kilrogg - https://wago.tools/files?search=achievement_boss_hellfire_kilrogg
Found fdid 1113438 for achievement_boss_hellfire_kilrogg
✓ Updated Achievement Hellfire Kilrogg with fdid: 1113438

Processing 1112/29724: Achievement Hellfire Zone (achievement_boss_hellfire_zone)
Fetching fdid for: achievement_boss_hellfire_zone - https://wago.tools/files?search=achievement_boss_hellfire_zone
Found fdid 1113443 for achievement_boss_hellfire_zone
✓ Updated Achievement Hellfire Zone with fdid: 1113443

Processing 1113/29724: Achievement Hellfire Felorccouncil (achievement_boss_hellfire_felorccouncil)
Fetching fdid for: achievement_boss_hellfire_felorccouncil - https://wago.tools/files?search=achievement_boss_hellfire_felorccouncil
Found fdid 1113435 for achievement_boss_hellfire_felorccouncil
✓ Updated Achievement Hellfire Felorccouncil with fdid: 1113435

Processing 1114/29724: Achievement Hellfire Xhulhorac (achievement_boss_hellfire_xhulhorac)
Fetching fdid for: achievement_boss_hellfire_xhulhorac - https://wago.tools/files?search=achievement_boss_hellfire_xhulhorac
Found fdid 1113442 for achievement_boss_hellfire_xhulhorac
✓ Updated Achievement Hellfire Xhulhorac with fdid: 1113442

Processing 1115/29724: Achievement Hellfire Gorefiend (achievement_boss_hellfire_gorefiend)
Fetching fdid for: achievement_boss_hellfire_gorefiend - https://wago.tools/files?search=achievement_boss_hellfire_gorefiend
Found fdid 1113437 for achievement_boss_hellfire_gorefiend
✓ Updated Achievement Hellfire Gorefiend with fdid: 1113437

Processing 1116/29724: Achievement Hellfire Felreaver (achievement_boss_hellfire_felreaver)
Fetching fdid for: achievement_boss_hellfire_felreaver - https://wago.tools/files?search=achievement_boss_hellfire_felreaver
Found fdid 1113436 for achievement_boss_hellfire_felreaver
✓ Updated Achievement Hellfire Felreaver with fdid: 1113436

Processing 1117/29724: Achievement Hellfire Mannorothreanimated (achievement_boss_hellfire_mannorothreanimated)
Fetching fdid for: achievement_boss_hellfire_mannorothreanimated - https://wago.tools/files?search=achievement_boss_hellfire_mannorothreanimated
Found fdid 1113439 for achievement_boss_hellfire_mannorothreanimated
✓ Updated Achievement Hellfire Mannorothreanimated with fdid: 1113439

Processing 1118/29724: Achievement Hellfire Socrethar (achievement_boss_hellfire_socrethar)
Fetching fdid for: achievement_boss_hellfire_socrethar - https://wago.tools/files?search=achievement_boss_hellfire_socrethar
Found fdid 1113441 for achievement_boss_hellfire_socrethar
✓ Updated Achievement Hellfire Socrethar with fdid: 1113441

Processing 1119/29724: Achievement Hellfire Siegeworks (achievement_boss_hellfire_siegeworks)
Fetching fdid for: achievement_boss_hellfire_siegeworks - https://wago.tools/files?search=achievement_boss_hellfire_siegeworks
Found fdid 1113440 for achievement_boss_hellfire_siegeworks
✓ Updated Achievement Hellfire Siegeworks with fdid: 1113440

Processing 1120/29724: Achievement Hellfire Felmagnaron (achievement_boss_hellfire_felmagnaron)
Fetching fdid for: achievement_boss_hellfire_felmagnaron - https://wago.tools/files?search=achievement_boss_hellfire_felmagnaron
Found fdid 1113434 for achievement_boss_hellfire_felmagnaron
✓ Updated Achievement Hellfire Felmagnaron with fdid: 1113434

Processing 1121/29724: Achievement Highmaul Kargath (achievement_boss_highmaul_kargath)
Fetching fdid for: achievement_boss_highmaul_kargath - https://wago.tools/files?search=achievement_boss_highmaul_kargath
Found fdid 1005701 for achievement_boss_highmaul_kargath
✓ Updated Achievement Highmaul Kargath with fdid: 1005701

Processing 1122/29724: Achievement Highmaul King (achievement_boss_highmaul_king)
Fetching fdid for: achievement_boss_highmaul_king - https://wago.tools/files?search=achievement_boss_highmaul_king
Found fdid 1030796 for achievement_boss_highmaul_king
✓ Updated Achievement Highmaul King with fdid: 1030796

Processing 1123/29724: Achievement Heraldvolazj (achievement_boss_heraldvolazj)
Fetching fdid for: achievement_boss_heraldvolazj - https://wago.tools/files?search=achievement_boss_heraldvolazj
Found fdid 298654 for achievement_boss_heraldvolazj
✓ Updated Achievement Heraldvolazj with fdid: 298654

Processing 1124/29724: Achievement Highmaul Earthenfury (achievement_boss_highmaul_earthenfury)
Fetching fdid for: achievement_boss_highmaul_earthenfury - https://wago.tools/files?search=achievement_boss_highmaul_earthenfury
Found fdid 1006111 for achievement_boss_highmaul_earthenfury
✓ Updated Achievement Highmaul Earthenfury with fdid: 1006111

Processing 1125/29724: Achievement Highmaul Felbreakerlord (achievement_boss_highmaul_felbreakerlord)
Fetching fdid for: achievement_boss_highmaul_felbreakerlord - https://wago.tools/files?search=achievement_boss_highmaul_felbreakerlord
Found fdid 1006455 for achievement_boss_highmaul_felbreakerlord
✓ Updated Achievement Highmaul Felbreakerlord with fdid: 1006455

Processing 1126/29724: Achievement Helyra (achievement_boss_helyra)
Fetching fdid for: achievement_boss_helyra - https://wago.tools/files?search=achievement_boss_helyra
Found fdid 1530370 for achievement_boss_helyra
✓ Updated Achievement Helyra with fdid: 1530370

Processing 1127/29724: Achievement Highmaul Butcher (achievement_boss_highmaul_butcher)
Fetching fdid for: achievement_boss_highmaul_butcher - https://wago.tools/files?search=achievement_boss_highmaul_butcher
Found fdid 1006454 for achievement_boss_highmaul_butcher
✓ Updated Achievement Highmaul Butcher with fdid: 1006454

Processing 1128/29724: Achievement Heraldofnzoth (achievement_boss_heraldofnzoth)
Fetching fdid for: achievement_boss_heraldofnzoth - https://wago.tools/files?search=achievement_boss_heraldofnzoth
Found fdid 3012070 for achievement_boss_heraldofnzoth
✓ Updated Achievement Heraldofnzoth with fdid: 3012070

Processing 1129/29724: Achievement Highmaul Aggronguardian (achievement_boss_highmaul_aggronguardian)
Fetching fdid for: achievement_boss_highmaul_aggronguardian - https://wago.tools/files?search=achievement_boss_highmaul_aggronguardian
Found fdid 1019377 for achievement_boss_highmaul_aggronguardian
✓ Updated Achievement Highmaul Aggronguardian with fdid: 1019377

Processing 1130/29724: Achievement Highmaul Fungalgiant (achievement_boss_highmaul_fungalgiant)
Fetching fdid for: achievement_boss_highmaul_fungalgiant - https://wago.tools/files?search=achievement_boss_highmaul_fungalgiant
Found fdid 1019378 for achievement_boss_highmaul_fungalgiant
✓ Updated Achievement Highmaul Fungalgiant with fdid: 1019378

Processing 1131/29724: Achievement Highpriestessazil (achievement_boss_highpriestessazil)
Fetching fdid for: achievement_boss_highpriestessazil - https://wago.tools/files?search=achievement_boss_highpriestessazil
Found fdid 468508 for achievement_boss_highpriestessazil
✓ Updated Achievement Highpriestessazil with fdid: 468508

Processing 1132/29724: Achievement Illidan (achievement_boss_illidan)
Fetching fdid for: achievement_boss_illidan - https://wago.tools/files?search=achievement_boss_illidan
Found fdid 236415 for achievement_boss_illidan
✓ Updated Achievement Illidan with fdid: 236415

Processing 1133/29724: Achievement Immerseus (achievement_boss_immerseus)
Fetching fdid for: achievement_boss_immerseus - https://wago.tools/files?search=achievement_boss_immerseus
Found fdid 896623 for achievement_boss_immerseus
✓ Updated Achievement Immerseus with fdid: 896623

Processing 1134/29724: Achievement Ichoron (achievement_boss_ichoron)
Fetching fdid for: achievement_boss_ichoron - https://wago.tools/files?search=achievement_boss_ichoron
Found fdid 298655 for achievement_boss_ichoron
✓ Updated Achievement Ichoron with fdid: 298655

Processing 1135/29724: Achievement Ironjuggernaut (achievement_boss_ironjuggernaut)
Fetching fdid for: achievement_boss_ironjuggernaut - https://wago.tools/files?search=achievement_boss_ironjuggernaut
Found fdid 896624 for achievement_boss_ironjuggernaut
✓ Updated Achievement Ironjuggernaut with fdid: 896624

Processing 1136/29724: Achievement Horridon (achievement_boss_horridon)
Fetching fdid for: achievement_boss_horridon - https://wago.tools/files?search=achievement_boss_horridon
Found fdid 798552 for achievement_boss_horridon
✓ Updated Achievement Horridon with fdid: 798552

Processing 1137/29724: Achievement Hodir 01 (achievement_boss_hodir_01)
Fetching fdid for: achievement_boss_hodir_01 - https://wago.tools/files?search=achievement_boss_hodir_01
Found fdid 254091 for achievement_boss_hodir_01
✓ Updated Achievement Hodir 01 with fdid: 254091

Processing 1138/29724: Achievement Iron Qon (achievement_boss_iron_qon)
Fetching fdid for: achievement_boss_iron_qon - https://wago.tools/files?search=achievement_boss_iron_qon
Found fdid 839261 for achievement_boss_iron_qon
✓ Updated Achievement Iron Qon with fdid: 839261

Processing 1139/29724: Achievement Ignis 01 (achievement_boss_ignis_01)
Fetching fdid for: achievement_boss_ignis_01 - https://wago.tools/files?search=achievement_boss_ignis_01
Found fdid 254092 for achievement_boss_ignis_01
✓ Updated Achievement Ignis 01 with fdid: 254092

Processing 1140/29724: Achievement Infinitecorruptor (achievement_boss_infinitecorruptor)
Fetching fdid for: achievement_boss_infinitecorruptor - https://wago.tools/files?search=achievement_boss_infinitecorruptor
Found fdid 298656 for achievement_boss_infinitecorruptor
✓ Updated Achievement Infinitecorruptor with fdid: 298656

Processing 1141/29724: Achievement Kael'Thassunstrider 01 (achievement_boss_kael'thassunstrider_01)
Fetching fdid for: achievement_boss_kael'thassunstrider_01 - https://wago.tools/files?search=achievement_boss_kael'thassunstrider_01
Found fdid 250117 for achievement_boss_kael'thassunstrider_01
✓ Updated Achievement Kael'Thassunstrider 01 with fdid: 250117

Processing 1142/29724: Achievement Ironmaidens (achievement_boss_ironmaidens)
Fetching fdid for: achievement_boss_ironmaidens - https://wago.tools/files?search=achievement_boss_ironmaidens
Found fdid 1006112 for achievement_boss_ironmaidens
✓ Updated Achievement Ironmaidens with fdid: 1006112

Processing 1143/29724: Achievement Jedogashadowseeker (achievement_boss_jedogashadowseeker)
Fetching fdid for: achievement_boss_jedogashadowseeker - https://wago.tools/files?search=achievement_boss_jedogashadowseeker
Found fdid 298657 for achievement_boss_jedogashadowseeker
✓ Updated Achievement Jedogashadowseeker with fdid: 298657

Processing 1144/29724: Achievement Jailers (achievement_boss_jailers)
Fetching fdid for: achievement_boss_jailers - https://wago.tools/files?search=achievement_boss_jailers
Found fdid 1546411 for achievement_boss_jailers
✓ Updated Achievement Jailers with fdid: 1546411

Processing 1145/29724: Achievement Jinrokhthebreaker (achievement_boss_jinrokhthebreaker)
Fetching fdid for: achievement_boss_jinrokhthebreaker - https://wago.tools/files?search=achievement_boss_jinrokhthebreaker
Found fdid 798060 for achievement_boss_jinrokhthebreaker
✓ Updated Achievement Jinrokhthebreaker with fdid: 798060

Processing 1146/29724: Achievement Keristrasza (achievement_boss_keristrasza)
Fetching fdid for: achievement_boss_keristrasza - https://wago.tools/files?search=achievement_boss_keristrasza
Found fdid 298658 for achievement_boss_keristrasza
✓ Updated Achievement Keristrasza with fdid: 298658

Processing 1147/29724: Achievement Kelidanthebreaker (achievement_boss_kelidanthebreaker)
Fetching fdid for: achievement_boss_kelidanthebreaker - https://wago.tools/files?search=achievement_boss_kelidanthebreaker
Found fdid 236417 for achievement_boss_kelidanthebreaker
✓ Updated Achievement Kelidanthebreaker with fdid: 236417

Processing 1148/29724: Achievement Kelthuzad 01 (achievement_boss_kelthuzad_01)
Fetching fdid for: achievement_boss_kelthuzad_01 - https://wago.tools/files?search=achievement_boss_kelthuzad_01
Found fdid 254094 for achievement_boss_kelthuzad_01
✓ Updated Achievement Kelthuzad 01 with fdid: 254094

Processing 1149/29724: Achievement Kargathbladefist 01 (achievement_boss_kargathbladefist_01)
Fetching fdid for: achievement_boss_kargathbladefist_01 - https://wago.tools/files?search=achievement_boss_kargathbladefist_01
Found fdid 254093 for achievement_boss_kargathbladefist_01
✓ Updated Achievement Kargathbladefist 01 with fdid: 254093

Processing 1150/29724: Achievement Ji-Kun (achievement_boss_ji-kun)
Fetching fdid for: achievement_boss_ji-kun - https://wago.tools/files?search=achievement_boss_ji-kun
Found fdid 800879 for achievement_boss_ji-kun
✓ Updated Achievement Ji-Kun with fdid: 800879

--- Progress Update ---
Processed: 1150/29724
Success: 715, Errors: 0, Skipped: 0
Progress: 3.9%

Processing 1151/29724: Achievement Kickandtrick (achievement_boss_kickandtrick)
Fetching fdid for: achievement_boss_kickandtrick - https://wago.tools/files?search=achievement_boss_kickandtrick
Found fdid 342915 for achievement_boss_kickandtrick
✓ Updated Achievement Kickandtrick with fdid: 342915

Processing 1152/29724: Achievement Kiljaedan (achievement_boss_kiljaedan)
Fetching fdid for: achievement_boss_kiljaedan - https://wago.tools/files?search=achievement_boss_kiljaedan
Found fdid 236418 for achievement_boss_kiljaedan
✓ Updated Achievement Kiljaedan with fdid: 236418

Processing 1153/29724: Achievement Kologarn 01 (achievement_boss_kologarn_01)
Fetching fdid for: achievement_boss_kologarn_01 - https://wago.tools/files?search=achievement_boss_kologarn_01
Found fdid 254095 for achievement_boss_kologarn_01
✓ Updated Achievement Kologarn 01 with fdid: 254095

Processing 1154/29724: Achievement Kiljaeden2 (achievement_boss_kiljaeden2)
Fetching fdid for: achievement_boss_kiljaeden2 - https://wago.tools/files?search=achievement_boss_kiljaeden2
Found fdid 1546412 for achievement_boss_kiljaeden2
✓ Updated Achievement Kiljaeden2 with fdid: 1546412

Processing 1155/29724: Achievement Klaxxi Paragons (achievement_boss_klaxxi_paragons)
Fetching fdid for: achievement_boss_klaxxi_paragons - https://wago.tools/files?search=achievement_boss_klaxxi_paragons
Found fdid 897697 for achievement_boss_klaxxi_paragons
✓ Updated Achievement Klaxxi Paragons with fdid: 897697

Processing 1156/29724: Achievement Kingymiron 01 (achievement_boss_kingymiron_01)
Fetching fdid for: achievement_boss_kingymiron_01 - https://wago.tools/files?search=achievement_boss_kingymiron_01
Found fdid 236419 for achievement_boss_kingymiron_01
✓ Updated Achievement Kingymiron 01 with fdid: 236419

Processing 1157/29724: Achievement Kingdred (achievement_boss_kingdred)
Fetching fdid for: achievement_boss_kingdred - https://wago.tools/files?search=achievement_boss_kingdred
Found fdid 298659 for achievement_boss_kingdred
✓ Updated Achievement Kingdred with fdid: 298659

Processing 1158/29724: Achievement Kingymiron 03 (achievement_boss_kingymiron_03)
Fetching fdid for: achievement_boss_kingymiron_03 - https://wago.tools/files?search=achievement_boss_kingymiron_03
Found fdid 236421 for achievement_boss_kingymiron_03
✓ Updated Achievement Kingymiron 03 with fdid: 236421

Processing 1159/29724: Achievement Kingymiron (achievement_boss_kingymiron)
Fetching fdid for: achievement_boss_kingymiron - https://wago.tools/files?search=achievement_boss_kingymiron
Found fdid 236419 for achievement_boss_kingymiron
✓ Updated Achievement Kingymiron with fdid: 236419

Processing 1160/29724: Achievement Kingymiron 02 (achievement_boss_kingymiron_02)
Fetching fdid for: achievement_boss_kingymiron_02 - https://wago.tools/files?search=achievement_boss_kingymiron_02
Found fdid 236420 for achievement_boss_kingymiron_02
✓ Updated Achievement Kingymiron 02 with fdid: 236420

Processing 1161/29724: Achievement Ladydeathwhisper (achievement_boss_ladydeathwhisper)
Fetching fdid for: achievement_boss_ladydeathwhisper - https://wago.tools/files?search=achievement_boss_ladydeathwhisper
Found fdid 342916 for achievement_boss_ladydeathwhisper
✓ Updated Achievement Ladydeathwhisper with fdid: 342916

Processing 1162/29724: Achievement Lanathel (achievement_boss_lanathel)
Fetching fdid for: achievement_boss_lanathel - https://wago.tools/files?search=achievement_boss_lanathel
Found fdid 343633 for achievement_boss_lanathel
✓ Updated Achievement Lanathel with fdid: 343633

Processing 1163/29724: Achievement Lordanthricyst (achievement_boss_lordanthricyst)
Fetching fdid for: achievement_boss_lordanthricyst - https://wago.tools/files?search=achievement_boss_lordanthricyst
Found fdid 524350 for achievement_boss_lordanthricyst
✓ Updated Achievement Lordanthricyst with fdid: 524350

Processing 1164/29724: Achievement Korkrondarkshaman (achievement_boss_korkrondarkshaman)
Fetching fdid for: achievement_boss_korkrondarkshaman - https://wago.tools/files?search=achievement_boss_korkrondarkshaman
Found fdid 897028 for achievement_boss_korkrondarkshaman
✓ Updated Achievement Korkrondarkshaman with fdid: 897028

Processing 1165/29724: Achievement Ladyvashj (achievement_boss_ladyvashj)
Fetching fdid for: achievement_boss_ladyvashj - https://wago.tools/files?search=achievement_boss_ladyvashj
Found fdid 236422 for achievement_boss_ladyvashj
✓ Updated Achievement Ladyvashj with fdid: 236422

Processing 1166/29724: Achievement Leishen (achievement_boss_leishen)
Fetching fdid for: achievement_boss_leishen - https://wago.tools/files?search=achievement_boss_leishen
Found fdid 840303 for achievement_boss_leishen
✓ Updated Achievement Leishen with fdid: 840303

Processing 1167/29724: Achievement Krikthir (achievement_boss_krikthir)
Fetching fdid for: achievement_boss_krikthir - https://wago.tools/files?search=achievement_boss_krikthir
Found fdid 298661 for achievement_boss_krikthir
✓ Updated Achievement Krikthir with fdid: 298661

Processing 1168/29724: Achievement Loatheb (achievement_boss_loatheb)
Fetching fdid for: achievement_boss_loatheb - https://wago.tools/files?search=achievement_boss_loatheb
Found fdid 298662 for achievement_boss_loatheb
✓ Updated Achievement Loatheb with fdid: 298662

Processing 1169/29724: Achievement Lichking (achievement_boss_lichking)
Fetching fdid for: achievement_boss_lichking - https://wago.tools/files?search=achievement_boss_lichking
Found fdid 341221 for achievement_boss_lichking
✓ Updated Achievement Lichking with fdid: 341221

Processing 1170/29724: Achievement Lordmarrowgar (achievement_boss_lordmarrowgar)
Fetching fdid for: achievement_boss_lordmarrowgar - https://wago.tools/files?search=achievement_boss_lordmarrowgar
Found fdid 342917 for achievement_boss_lordmarrowgar
✓ Updated Achievement Lordmarrowgar with fdid: 342917

Processing 1171/29724: Achievement Maexxna (achievement_boss_maexxna)
Fetching fdid for: achievement_boss_maexxna - https://wago.tools/files?search=achievement_boss_maexxna
Found fdid 298663 for achievement_boss_maexxna
✓ Updated Achievement Maexxna with fdid: 298663

Processing 1172/29724: Achievement Mekgineer Thermaplugg  (achievement_boss_mekgineer_thermaplugg )
Fetching fdid for: achievement_boss_mekgineer_thermaplugg  - https://wago.tools/files?search=achievement_boss_mekgineer_thermaplugg%20
Found fdid 236424 for achievement_boss_mekgineer_thermaplugg 
✓ Updated Achievement Mekgineer Thermaplugg  with fdid: 236424

Processing 1173/29724: Achievement Magtheridon (achievement_boss_magtheridon)
Fetching fdid for: achievement_boss_magtheridon - https://wago.tools/files?search=achievement_boss_magtheridon
Found fdid 236423 for achievement_boss_magtheridon
✓ Updated Achievement Magtheridon with fdid: 236423

Processing 1174/29724: Achievement Malygos 01 (achievement_boss_malygos_01)
Fetching fdid for: achievement_boss_malygos_01 - https://wago.tools/files?search=achievement_boss_malygos_01
Found fdid 254096 for achievement_boss_malygos_01
✓ Updated Achievement Malygos 01 with fdid: 254096

Processing 1175/29724: Achievement Maidenofvigilance01 (achievement_boss_maidenofvigilance01)
Fetching fdid for: achievement_boss_maidenofvigilance01 - https://wago.tools/files?search=achievement_boss_maidenofvigilance01
Found fdid 1622132 for achievement_boss_maidenofvigilance01
✓ Updated Achievement Maidenofvigilance01 with fdid: 1622132

Processing 1176/29724: Achievement Maidenofvigilance02 (achievement_boss_maidenofvigilance02)
Fetching fdid for: achievement_boss_maidenofvigilance02 - https://wago.tools/files?search=achievement_boss_maidenofvigilance02
Found fdid 1622134 for achievement_boss_maidenofvigilance02
✓ Updated Achievement Maidenofvigilance02 with fdid: 1622134

Processing 1177/29724: Achievement Mechagon (achievement_boss_mechagon)
Fetching fdid for: achievement_boss_mechagon - https://wago.tools/files?search=achievement_boss_mechagon
Found fdid 3024540 for achievement_boss_mechagon
✓ Updated Achievement Mechagon with fdid: 3024540

Processing 1178/29724: Achievement Malkorok (achievement_boss_malkorok)
Fetching fdid for: achievement_boss_malkorok - https://wago.tools/files?search=achievement_boss_malkorok
Found fdid 897029 for achievement_boss_malkorok
✓ Updated Achievement Malkorok with fdid: 897029

Processing 1179/29724: Achievement Maidenofgrief (achievement_boss_maidenofgrief)
Fetching fdid for: achievement_boss_maidenofgrief - https://wago.tools/files?search=achievement_boss_maidenofgrief
Found fdid 298664 for achievement_boss_maidenofgrief
✓ Updated Achievement Maidenofgrief with fdid: 298664

Processing 1180/29724: Achievement Megaera (achievement_boss_megaera)
Fetching fdid for: achievement_boss_megaera - https://wago.tools/files?search=achievement_boss_megaera
Found fdid 800829 for achievement_boss_megaera
✓ Updated Achievement Megaera with fdid: 800829

Processing 1181/29724: Achievement Murmur (achievement_boss_murmur)
Fetching fdid for: achievement_boss_murmur - https://wago.tools/files?search=achievement_boss_murmur
Found fdid 254098 for achievement_boss_murmur
✓ Updated Achievement Murmur with fdid: 254098

Processing 1182/29724: Achievement Mimiron 01 (achievement_boss_mimiron_01)
Fetching fdid for: achievement_boss_mimiron_01 - https://wago.tools/files?search=achievement_boss_mimiron_01
Found fdid 254097 for achievement_boss_mimiron_01
✓ Updated Achievement Mimiron 01 with fdid: 254097

Processing 1183/29724: Achievement Nagazone (achievement_boss_nagazone)
Fetching fdid for: achievement_boss_nagazone - https://wago.tools/files?search=achievement_boss_nagazone
Found fdid 3012072 for achievement_boss_nagazone
✓ Updated Achievement Nagazone with fdid: 3012072

Processing 1184/29724: Achievement Nefarion (achievement_boss_nefarion)
Fetching fdid for: achievement_boss_nefarion - https://wago.tools/files?search=achievement_boss_nefarion
Found fdid 254649 for achievement_boss_nefarion
✓ Updated Achievement Nefarion with fdid: 254649

Processing 1185/29724: Achievement Mogufemales (achievement_boss_mogufemales)
Fetching fdid for: achievement_boss_mogufemales - https://wago.tools/files?search=achievement_boss_mogufemales
Found fdid 839399 for achievement_boss_mogufemales
✓ Updated Achievement Mogufemales with fdid: 839399

Processing 1186/29724: Achievement Mutanus The Devourer (achievement_boss_mutanus_the_devourer)
Fetching fdid for: achievement_boss_mutanus_the_devourer - https://wago.tools/files?search=achievement_boss_mutanus_the_devourer
Found fdid 236425 for achievement_boss_mutanus_the_devourer
✓ Updated Achievement Mutanus The Devourer with fdid: 236425

Processing 1187/29724: Achievement Murmur 01 (achievement_boss_murmur_01)
Fetching fdid for: achievement_boss_murmur_01 - https://wago.tools/files?search=achievement_boss_murmur_01
Found fdid 254098 for achievement_boss_murmur_01
✓ Updated Achievement Murmur 01 with fdid: 254098

Processing 1188/29724: Achievement Moorabi (achievement_boss_moorabi)
Fetching fdid for: achievement_boss_moorabi - https://wago.tools/files?search=achievement_boss_moorabi
Found fdid 298665 for achievement_boss_moorabi
✓ Updated Achievement Moorabi with fdid: 298665

Processing 1189/29724: Achievement Nagabruteboss (achievement_boss_nagabruteboss)
Fetching fdid for: achievement_boss_nagabruteboss - https://wago.tools/files?search=achievement_boss_nagabruteboss
Found fdid 1546413 for achievement_boss_nagabruteboss
✓ Updated Achievement Nagabruteboss with fdid: 1546413

Processing 1190/29724: Achievement Nagacentaur (achievement_boss_nagacentaur)
Fetching fdid for: achievement_boss_nagacentaur - https://wago.tools/files?search=achievement_boss_nagacentaur
Found fdid 3012071 for achievement_boss_nagacentaur
✓ Updated Achievement Nagacentaur with fdid: 3012071

Processing 1191/29724: Achievement Oregorger (achievement_boss_oregorger)
Fetching fdid for: achievement_boss_oregorger - https://wago.tools/files?search=achievement_boss_oregorger
Found fdid 1003743 for achievement_boss_oregorger
✓ Updated Achievement Oregorger with fdid: 1003743

Processing 1192/29724: Achievement Ossiriantheunscarred (achievement_boss_ossiriantheunscarred)
Fetching fdid for: achievement_boss_ossiriantheunscarred - https://wago.tools/files?search=achievement_boss_ossiriantheunscarred
Found fdid 236428 for achievement_boss_ossiriantheunscarred
✓ Updated Achievement Ossiriantheunscarred with fdid: 236428

Processing 1193/29724: Achievement Operator Thogar (achievement_boss_operator_thogar)
Fetching fdid for: achievement_boss_operator_thogar - https://wago.tools/files?search=achievement_boss_operator_thogar
Found fdid 1006456 for achievement_boss_operator_thogar
✓ Updated Achievement Operator Thogar with fdid: 1006456

Processing 1194/29724: Achievement Odyn (achievement_boss_odyn)
Fetching fdid for: achievement_boss_odyn - https://wago.tools/files?search=achievement_boss_odyn
Found fdid 1530371 for achievement_boss_odyn
✓ Updated Achievement Odyn with fdid: 1530371

Processing 1195/29724: Achievement Nexus Prince Shaffar (achievement_boss_nexus_prince_shaffar)
Fetching fdid for: achievement_boss_nexus_prince_shaffar - https://wago.tools/files?search=achievement_boss_nexus_prince_shaffar
Found fdid 236426 for achievement_boss_nexus_prince_shaffar
✓ Updated Achievement Nexus Prince Shaffar with fdid: 236426

Processing 1196/29724: Achievement Omartheunscarred 01 (achievement_boss_omartheunscarred_01)
Fetching fdid for: achievement_boss_omartheunscarred_01 - https://wago.tools/files?search=achievement_boss_omartheunscarred_01
Found fdid 236427 for achievement_boss_omartheunscarred_01
✓ Updated Achievement Omartheunscarred 01 with fdid: 236427

Processing 1197/29724: Achievement Novos (achievement_boss_novos)
Fetching fdid for: achievement_boss_novos - https://wago.tools/files?search=achievement_boss_novos
Found fdid 298666 for achievement_boss_novos
✓ Updated Achievement Novos with fdid: 298666

Processing 1198/29724: Achievement Orgozoa (achievement_boss_orgozoa)
Fetching fdid for: achievement_boss_orgozoa - https://wago.tools/files?search=achievement_boss_orgozoa
Found fdid 3012073 for achievement_boss_orgozoa
✓ Updated Achievement Orgozoa with fdid: 3012073

Processing 1199/29724: Achievement Onyxia (achievement_boss_onyxia)
Fetching fdid for: achievement_boss_onyxia - https://wago.tools/files?search=achievement_boss_onyxia
Found fdid 254650 for achievement_boss_onyxia
✓ Updated Achievement Onyxia with fdid: 254650

Processing 1200/29724: Achievement Norushen (achievement_boss_norushen)
Fetching fdid for: achievement_boss_norushen - https://wago.tools/files?search=achievement_boss_norushen
Found fdid 897064 for achievement_boss_norushen
✓ Updated Achievement Norushen with fdid: 897064

--- Progress Update ---
Processed: 1200/29724
Success: 765, Errors: 0, Skipped: 0
Progress: 4.0%

Processing 1201/29724: Achievement Patchwerk (achievement_boss_patchwerk)
Fetching fdid for: achievement_boss_patchwerk - https://wago.tools/files?search=achievement_boss_patchwerk
Found fdid 298667 for achievement_boss_patchwerk
✓ Updated Achievement Patchwerk with fdid: 298667

Processing 1202/29724: Achievement Princekeleseth (achievement_boss_princekeleseth)
Fetching fdid for: achievement_boss_princekeleseth - https://wago.tools/files?search=achievement_boss_princekeleseth
Found fdid 298668 for achievement_boss_princekeleseth
✓ Updated Achievement Princekeleseth with fdid: 298668

Processing 1203/29724: Achievement Pitinfernal (achievement_boss_pitinfernal)
Fetching fdid for: achievement_boss_pitinfernal - https://wago.tools/files?search=achievement_boss_pitinfernal
Found fdid 1546414 for achievement_boss_pitinfernal
✓ Updated Achievement Pitinfernal with fdid: 1546414

Processing 1204/29724: Achievement Princesstheradras (achievement_boss_princesstheradras)
Fetching fdid for: achievement_boss_princesstheradras - https://wago.tools/files?search=achievement_boss_princesstheradras
Found fdid 236432 for achievement_boss_princesstheradras
✓ Updated Achievement Princesstheradras with fdid: 236432

Processing 1205/29724: Achievement Prince Malchezaar (achievement_boss_prince_malchezaar)
Fetching fdid for: achievement_boss_prince_malchezaar - https://wago.tools/files?search=achievement_boss_prince_malchezaar
Found fdid 236431 for achievement_boss_prince_malchezaar
✓ Updated Achievement Prince Malchezaar with fdid: 236431

Processing 1206/29724: Achievement Pathaleonthecalculator (achievement_boss_pathaleonthecalculator)
Fetching fdid for: achievement_boss_pathaleonthecalculator - https://wago.tools/files?search=achievement_boss_pathaleonthecalculator
Found fdid 236430 for achievement_boss_pathaleonthecalculator
✓ Updated Achievement Pathaleonthecalculator with fdid: 236430

Processing 1207/29724: Achievement Princetaldaram (achievement_boss_princetaldaram)
Fetching fdid for: achievement_boss_princetaldaram - https://wago.tools/files?search=achievement_boss_princetaldaram
Found fdid 298669 for achievement_boss_princetaldaram
✓ Updated Achievement Princetaldaram with fdid: 298669

Processing 1208/29724: Achievement Overlord Wyrmthalak (achievement_boss_overlord_wyrmthalak)
Fetching fdid for: achievement_boss_overlord_wyrmthalak - https://wago.tools/files?search=achievement_boss_overlord_wyrmthalak
Found fdid 236429 for achievement_boss_overlord_wyrmthalak
✓ Updated Achievement Overlord Wyrmthalak with fdid: 236429

Processing 1209/29724: Achievement Primordius (achievement_boss_primordius)
Fetching fdid for: achievement_boss_primordius - https://wago.tools/files?search=achievement_boss_primordius
Found fdid 801131 for achievement_boss_primordius
✓ Updated Achievement Primordius with fdid: 801131

Processing 1210/29724: Achievement Princemalchezaar 02 (achievement_boss_princemalchezaar_02)
Fetching fdid for: achievement_boss_princemalchezaar_02 - https://wago.tools/files?search=achievement_boss_princemalchezaar_02
Found fdid 254651 for achievement_boss_princemalchezaar_02
✓ Updated Achievement Princemalchezaar 02 with fdid: 254651

Processing 1211/29724: Achievement Scourgelordtyrannus (achievement_boss_scourgelordtyrannus)
Fetching fdid for: achievement_boss_scourgelordtyrannus - https://wago.tools/files?search=achievement_boss_scourgelordtyrannus
Found fdid 341764 for achievement_boss_scourgelordtyrannus
✓ Updated Achievement Scourgelordtyrannus with fdid: 341764

Processing 1212/29724: Achievement Sartharion 01 (achievement_boss_sartharion_01)
Fetching fdid for: achievement_boss_sartharion_01 - https://wago.tools/files?search=achievement_boss_sartharion_01
Found fdid 254101 for achievement_boss_sartharion_01
✓ Updated Achievement Sartharion 01 with fdid: 254101

Processing 1213/29724: Achievement Ra Den (achievement_boss_ra_den)
Fetching fdid for: achievement_boss_ra_den - https://wago.tools/files?search=achievement_boss_ra_den
Found fdid 800880 for achievement_boss_ra_den
✓ Updated Achievement Ra Den with fdid: 800880

Processing 1214/29724: Achievement Profputricide (achievement_boss_profputricide)
Fetching fdid for: achievement_boss_profputricide - https://wago.tools/files?search=achievement_boss_profputricide
Found fdid 341459 for achievement_boss_profputricide
✓ Updated Achievement Profputricide with fdid: 341459

Processing 1215/29724: Achievement Razorscale (achievement_boss_razorscale)
Fetching fdid for: achievement_boss_razorscale - https://wago.tools/files?search=achievement_boss_razorscale
Found fdid 254099 for achievement_boss_razorscale
✓ Updated Achievement Razorscale with fdid: 254099

Processing 1216/29724: Achievement Ragnaros (achievement_boss_ragnaros)
Fetching fdid for: achievement_boss_ragnaros - https://wago.tools/files?search=achievement_boss_ragnaros
Found fdid 254652 for achievement_boss_ragnaros
✓ Updated Achievement Ragnaros with fdid: 254652

Processing 1217/29724: Achievement Razorscale 01 (achievement_boss_razorscale_01)
Fetching fdid for: achievement_boss_razorscale_01 - https://wago.tools/files?search=achievement_boss_razorscale_01
Found fdid 254099 for achievement_boss_razorscale_01
✓ Updated Achievement Razorscale 01 with fdid: 254099

Processing 1218/29724: Achievement Sapphiron 01 (achievement_boss_sapphiron_01)
Fetching fdid for: achievement_boss_sapphiron_01 - https://wago.tools/files?search=achievement_boss_sapphiron_01
Found fdid 254100 for achievement_boss_sapphiron_01
✓ Updated Achievement Sapphiron 01 with fdid: 254100

Processing 1219/29724: Achievement Saurfang (achievement_boss_saurfang)
Fetching fdid for: achievement_boss_saurfang - https://wago.tools/files?search=achievement_boss_saurfang
Found fdid 343634 for achievement_boss_saurfang
✓ Updated Achievement Saurfang with fdid: 343634

Processing 1220/29724: Achievement Quagmirran (achievement_boss_quagmirran)
Fetching fdid for: achievement_boss_quagmirran - https://wago.tools/files?search=achievement_boss_quagmirran
Found fdid 236433 for achievement_boss_quagmirran
✓ Updated Achievement Quagmirran with fdid: 236433

Processing 1221/29724: Achievement Seawitch (achievement_boss_seawitch)
Fetching fdid for: achievement_boss_seawitch - https://wago.tools/files?search=achievement_boss_seawitch
Found fdid 1546415 for achievement_boss_seawitch
✓ Updated Achievement Seawitch with fdid: 1546415

Processing 1222/29724: Achievement Sindragosa (achievement_boss_sindragosa)
Fetching fdid for: achievement_boss_sindragosa - https://wago.tools/files?search=achievement_boss_sindragosa
Found fdid 341980 for achievement_boss_sindragosa
✓ Updated Achievement Sindragosa with fdid: 341980

Processing 1223/29724: Achievement Skybreaker (achievement_boss_skybreaker)
Fetching fdid for: achievement_boss_skybreaker - https://wago.tools/files?search=achievement_boss_skybreaker
Found fdid 341762 for achievement_boss_skybreaker
✓ Updated Achievement Skybreaker with fdid: 341762

Processing 1224/29724: Achievement Shannox (achievement_boss_shannox)
Fetching fdid for: achievement_boss_shannox - https://wago.tools/files?search=achievement_boss_shannox
Found fdid 524351 for achievement_boss_shannox
✓ Updated Achievement Shannox with fdid: 524351

Processing 1225/29724: Achievement Shrine Zaxasj The Speaker (achievement_boss_shrine_zaxasj_the_speaker)
Fetching fdid for: achievement_boss_shrine_zaxasj_the_speaker - https://wago.tools/files?search=achievement_boss_shrine_zaxasj_the_speaker
Found fdid 2486646 for achievement_boss_shrine_zaxasj_the_speaker
✓ Updated Achievement Shrine Zaxasj The Speaker with fdid: 2486646

Processing 1226/29724: Achievement Shrine Uunat (achievement_boss_shrine_uunat)
Fetching fdid for: achievement_boss_shrine_uunat - https://wago.tools/files?search=achievement_boss_shrine_uunat
Found fdid 2486645 for achievement_boss_shrine_uunat
✓ Updated Achievement Shrine Uunat with fdid: 2486645

Processing 1227/29724: Achievement Sjonnir (achievement_boss_sjonnir)
Fetching fdid for: achievement_boss_sjonnir - https://wago.tools/files?search=achievement_boss_sjonnir
Found fdid 298671 for achievement_boss_sjonnir
✓ Updated Achievement Sjonnir with fdid: 298671

Processing 1228/29724: Achievement Skadi (achievement_boss_skadi)
Fetching fdid for: achievement_boss_skadi - https://wago.tools/files?search=achievement_boss_skadi
Found fdid 298672 for achievement_boss_skadi
✓ Updated Achievement Skadi with fdid: 298672

Processing 1229/29724: Achievement Siegecrafter Blackfuse (achievement_boss_siegecrafter_blackfuse)
Fetching fdid for: achievement_boss_siegecrafter_blackfuse - https://wago.tools/files?search=achievement_boss_siegecrafter_blackfuse
Found fdid 897633 for achievement_boss_siegecrafter_blackfuse
✓ Updated Achievement Siegecrafter Blackfuse with fdid: 897633

Processing 1230/29724: Achievement Shadeoferanikus (achievement_boss_shadeoferanikus)
Fetching fdid for: achievement_boss_shadeoferanikus - https://wago.tools/files?search=achievement_boss_shadeoferanikus
Found fdid 236434 for achievement_boss_shadeoferanikus
✓ Updated Achievement Shadeoferanikus with fdid: 236434

Processing 1231/29724: Achievement Svalasorrowgrave (achievement_boss_svalasorrowgrave)
Fetching fdid for: achievement_boss_svalasorrowgrave - https://wago.tools/files?search=achievement_boss_svalasorrowgrave
Found fdid 298674 for achievement_boss_svalasorrowgrave
✓ Updated Achievement Svalasorrowgrave with fdid: 298674

Processing 1232/29724: Achievement Thaddius (achievement_boss_thaddius)
Fetching fdid for: achievement_boss_thaddius - https://wago.tools/files?search=achievement_boss_thaddius
Found fdid 298675 for achievement_boss_thaddius
✓ Updated Achievement Thaddius with fdid: 298675

Processing 1233/29724: Achievement Thokthebloodthirsty (achievement_boss_thokthebloodthirsty)
Fetching fdid for: achievement_boss_thokthebloodthirsty - https://wago.tools/files?search=achievement_boss_thokthebloodthirsty
Found fdid 896625 for achievement_boss_thokthebloodthirsty
✓ Updated Achievement Thokthebloodthirsty with fdid: 896625

Processing 1234/29724: Achievement Sladran (achievement_boss_sladran)
Fetching fdid for: achievement_boss_sladran - https://wago.tools/files?search=achievement_boss_sladran
Found fdid 298673 for achievement_boss_sladran
✓ Updated Achievement Sladran with fdid: 298673

Processing 1235/29724: Achievement Spoils Of Pandaria (achievement_boss_spoils_of_pandaria)
Fetching fdid for: achievement_boss_spoils_of_pandaria - https://wago.tools/files?search=achievement_boss_spoils_of_pandaria
Found fdid 897406 for achievement_boss_spoils_of_pandaria
✓ Updated Achievement Spoils Of Pandaria with fdid: 897406

Processing 1236/29724: Achievement Talonkingikiss (achievement_boss_talonkingikiss)
Fetching fdid for: achievement_boss_talonkingikiss - https://wago.tools/files?search=achievement_boss_talonkingikiss
Found fdid 236435 for achievement_boss_talonkingikiss
✓ Updated Achievement Talonkingikiss with fdid: 236435

Processing 1237/29724: Achievement Theblackstalker (achievement_boss_theblackstalker)
Fetching fdid for: achievement_boss_theblackstalker - https://wago.tools/files?search=achievement_boss_theblackstalker
Found fdid 254502 for achievement_boss_theblackstalker
✓ Updated Achievement Theblackstalker with fdid: 254502

Processing 1238/29724: Achievement Theflameleviathan 01 (achievement_boss_theflameleviathan_01)
Fetching fdid for: achievement_boss_theflameleviathan_01 - https://wago.tools/files?search=achievement_boss_theflameleviathan_01
Found fdid 254102 for achievement_boss_theflameleviathan_01
✓ Updated Achievement Theflameleviathan 01 with fdid: 254102

Processing 1239/29724: Achievement Soulengine (achievement_boss_soulengine)
Fetching fdid for: achievement_boss_soulengine - https://wago.tools/files?search=achievement_boss_soulengine
Found fdid 1546416 for achievement_boss_soulengine
✓ Updated Achievement Soulengine with fdid: 1546416

Processing 1240/29724: Achievement Theironcouncil 01 (achievement_boss_theironcouncil_01)
Fetching fdid for: achievement_boss_theironcouncil_01 - https://wago.tools/files?search=achievement_boss_theironcouncil_01
Found fdid 254103 for achievement_boss_theironcouncil_01
✓ Updated Achievement Theironcouncil 01 with fdid: 254103

Processing 1241/29724: Achievement Tortos (achievement_boss_tortos)
Fetching fdid for: achievement_boss_tortos - https://wago.tools/files?search=achievement_boss_tortos
Found fdid 798557 for achievement_boss_tortos
✓ Updated Achievement Tortos with fdid: 798557

Processing 1242/29724: Achievement Triumvirate Darknaaru (achievement_boss_triumvirate_darknaaru)
Fetching fdid for: achievement_boss_triumvirate_darknaaru - https://wago.tools/files?search=achievement_boss_triumvirate_darknaaru
Found fdid 1711336 for achievement_boss_triumvirate_darknaaru
✓ Updated Achievement Triumvirate Darknaaru with fdid: 1711336

Processing 1243/29724: Achievement Titanconstructshell (achievement_boss_titanconstructshell)
Fetching fdid for: achievement_boss_titanconstructshell - https://wago.tools/files?search=achievement_boss_titanconstructshell
Found fdid 1546417 for achievement_boss_titanconstructshell
✓ Updated Achievement Titanconstructshell with fdid: 1546417

Processing 1244/29724: Achievement Twinorcbrutes (achievement_boss_twinorcbrutes)
Fetching fdid for: achievement_boss_twinorcbrutes - https://wago.tools/files?search=achievement_boss_twinorcbrutes
Found fdid 1035504 for achievement_boss_twinorcbrutes
✓ Updated Achievement Twinorcbrutes with fdid: 1035504

Processing 1245/29724: Achievement Tribunalofages (achievement_boss_tribunalofages)
Fetching fdid for: achievement_boss_tribunalofages - https://wago.tools/files?search=achievement_boss_tribunalofages
Found fdid 298677 for achievement_boss_tribunalofages
✓ Updated Achievement Tribunalofages with fdid: 298677

Processing 1246/29724: Achievement Trollgore (achievement_boss_trollgore)
Fetching fdid for: achievement_boss_trollgore - https://wago.tools/files?search=achievement_boss_trollgore
Found fdid 298678 for achievement_boss_trollgore
✓ Updated Achievement Trollgore with fdid: 298678

Processing 1247/29724: Achievement Triumvirate Voidbrokenbrute (achievement_boss_triumvirate_voidbrokenbrute)
Fetching fdid for: achievement_boss_triumvirate_voidbrokenbrute - https://wago.tools/files?search=achievement_boss_triumvirate_voidbrokenbrute
Found fdid 1711339 for achievement_boss_triumvirate_voidbrokenbrute
✓ Updated Achievement Triumvirate Voidbrokenbrute with fdid: 1711339

Processing 1248/29724: Achievement Triumvirate Shadowguardetherealcaster (achievement_boss_triumvirate_shadowguardetherealcaster)
Fetching fdid for: achievement_boss_triumvirate_shadowguardetherealcaster - https://wago.tools/files?search=achievement_boss_triumvirate_shadowguardetherealcaster
Found fdid 1711337 for achievement_boss_triumvirate_shadowguardetherealcaster
✓ Updated Achievement Triumvirate Shadowguardetherealcaster with fdid: 1711337

Processing 1249/29724: Achievement Thorim (achievement_boss_thorim)
Fetching fdid for: achievement_boss_thorim - https://wago.tools/files?search=achievement_boss_thorim
Found fdid 298676 for achievement_boss_thorim
✓ Updated Achievement Thorim with fdid: 298676

Processing 1250/29724: Achievement Triumvirate Shadowguardetherealmelee (achievement_boss_triumvirate_shadowguardetherealmelee)
Fetching fdid for: achievement_boss_triumvirate_shadowguardetherealmelee - https://wago.tools/files?search=achievement_boss_triumvirate_shadowguardetherealmelee
Found fdid 1711338 for achievement_boss_triumvirate_shadowguardetherealmelee
✓ Updated Achievement Triumvirate Shadowguardetherealmelee with fdid: 1711338

--- Progress Update ---
Processed: 1250/29724
Success: 815, Errors: 0, Skipped: 0
Progress: 4.2%

Processing 1251/29724: Achievement Yoggsaron 01 (achievement_boss_yoggsaron_01)
Fetching fdid for: achievement_boss_yoggsaron_01 - https://wago.tools/files?search=achievement_boss_yoggsaron_01
Found fdid 254105 for achievement_boss_yoggsaron_01
✓ Updated Achievement Yoggsaron 01 with fdid: 254105

Processing 1252/29724: Achievement Valithradreamwalker (achievement_boss_valithradreamwalker)
Fetching fdid for: achievement_boss_valithradreamwalker - https://wago.tools/files?search=achievement_boss_valithradreamwalker
Found fdid 341763 for achievement_boss_valithradreamwalker
✓ Updated Achievement Valithradreamwalker with fdid: 341763

Processing 1253/29724: Achievement Warpsplinter (achievement_boss_warpsplinter)
Fetching fdid for: achievement_boss_warpsplinter - https://wago.tools/files?search=achievement_boss_warpsplinter
Found fdid 236437 for achievement_boss_warpsplinter
✓ Updated Achievement Warpsplinter with fdid: 236437

Processing 1254/29724: Achievement Xt002deconstructor 01 (achievement_boss_xt002deconstructor_01)
Fetching fdid for: achievement_boss_xt002deconstructor_01 - https://wago.tools/files?search=achievement_boss_xt002deconstructor_01
Found fdid 254104 for achievement_boss_xt002deconstructor_01
✓ Updated Achievement Xt002deconstructor 01 with fdid: 254104

Processing 1255/29724: Achievement Warthofazshara (achievement_boss_warthofazshara)
Fetching fdid for: achievement_boss_warthofazshara - https://wago.tools/files?search=achievement_boss_warthofazshara
Found fdid 3012074 for achievement_boss_warthofazshara
✓ Updated Achievement Warthofazshara with fdid: 3012074

Processing 1256/29724: Achievement Volkhan (achievement_boss_volkhan)
Fetching fdid for: achievement_boss_volkhan - https://wago.tools/files?search=achievement_boss_volkhan
Found fdid 298679 for achievement_boss_volkhan
✓ Updated Achievement Volkhan with fdid: 298679

Processing 1257/29724: Achievement Zuldazar Blockade (achievement_boss_zuldazar_blockade)
Fetching fdid for: achievement_boss_zuldazar_blockade - https://wago.tools/files?search=achievement_boss_zuldazar_blockade
Found fdid 2484329 for achievement_boss_zuldazar_blockade
✓ Updated Achievement Zuldazar Blockade with fdid: 2484329

Processing 1258/29724: Achievement Wolfeel (achievement_boss_wolfeel)
Fetching fdid for: achievement_boss_wolfeel - https://wago.tools/files?search=achievement_boss_wolfeel
Found fdid 3012075 for achievement_boss_wolfeel
✓ Updated Achievement Wolfeel with fdid: 3012075

Processing 1259/29724: Achievement Valanar (achievement_boss_valanar)
Fetching fdid for: achievement_boss_valanar - https://wago.tools/files?search=achievement_boss_valanar
Found fdid 343635 for achievement_boss_valanar
✓ Updated Achievement Valanar with fdid: 343635

Processing 1260/29724: Achievement Warlord Kalithresh (achievement_boss_warlord_kalithresh)
Fetching fdid for: achievement_boss_warlord_kalithresh - https://wago.tools/files?search=achievement_boss_warlord_kalithresh
Found fdid 236436 for achievement_boss_warlord_kalithresh
✓ Updated Achievement Warlord Kalithresh with fdid: 236436

Processing 1261/29724: Achievement Zuldazar Fridaironbellows (achievement_boss_zuldazar_fridaironbellows)
Fetching fdid for: achievement_boss_zuldazar_fridaironbellows - https://wago.tools/files?search=achievement_boss_zuldazar_fridaironbellows
Found fdid 2484330 for achievement_boss_zuldazar_fridaironbellows
✓ Updated Achievement Zuldazar Fridaironbellows with fdid: 2484330

Processing 1262/29724: Achievement Zuldazar Manceroy Mestrah (achievement_boss_zuldazar_manceroy_mestrah)
Fetching fdid for: achievement_boss_zuldazar_manceroy_mestrah - https://wago.tools/files?search=achievement_boss_zuldazar_manceroy_mestrah
Found fdid 2484336 for achievement_boss_zuldazar_manceroy_mestrah
✓ Updated Achievement Zuldazar Manceroy Mestrah with fdid: 2484336

Processing 1263/29724: Achievement Zuldazar Grong (achievement_boss_zuldazar_grong)
Fetching fdid for: achievement_boss_zuldazar_grong - https://wago.tools/files?search=achievement_boss_zuldazar_grong
Found fdid 2484332 for achievement_boss_zuldazar_grong
✓ Updated Achievement Zuldazar Grong with fdid: 2484332

Processing 1264/29724: Achievement Zuldazar Jaina (achievement_boss_zuldazar_jaina)
Fetching fdid for: achievement_boss_zuldazar_jaina - https://wago.tools/files?search=achievement_boss_zuldazar_jaina
Found fdid 2484334 for achievement_boss_zuldazar_jaina
✓ Updated Achievement Zuldazar Jaina with fdid: 2484334

Processing 1265/29724: Achievement Zuldazar Mekkatorque (achievement_boss_zuldazar_mekkatorque)
Fetching fdid for: achievement_boss_zuldazar_mekkatorque - https://wago.tools/files?search=achievement_boss_zuldazar_mekkatorque
Found fdid 2484337 for achievement_boss_zuldazar_mekkatorque
✓ Updated Achievement Zuldazar Mekkatorque with fdid: 2484337

Processing 1266/29724: Achievement Zuldazar Grimfang Anathos (achievement_boss_zuldazar_grimfang_anathos)
Fetching fdid for: achievement_boss_zuldazar_grimfang_anathos - https://wago.tools/files?search=achievement_boss_zuldazar_grimfang_anathos
Found fdid 2484331 for achievement_boss_zuldazar_grimfang_anathos
✓ Updated Achievement Zuldazar Grimfang Anathos with fdid: 2484331

Processing 1267/29724: Achievement Zuldazar Ralokar (achievement_boss_zuldazar_ralokar)
Fetching fdid for: achievement_boss_zuldazar_ralokar - https://wago.tools/files?search=achievement_boss_zuldazar_ralokar
Found fdid 2484339 for achievement_boss_zuldazar_ralokar
✓ Updated Achievement Zuldazar Ralokar with fdid: 2484339

Processing 1268/29724: Achievement Zuldazar Loacouncil (achievement_boss_zuldazar_loacouncil)
Fetching fdid for: achievement_boss_zuldazar_loacouncil - https://wago.tools/files?search=achievement_boss_zuldazar_loacouncil
Found fdid 2484335 for achievement_boss_zuldazar_loacouncil
✓ Updated Achievement Zuldazar Loacouncil with fdid: 2484335

Processing 1269/29724: Achievement Zuldazar Grongrevenant (achievement_boss_zuldazar_grongrevenant)
Fetching fdid for: achievement_boss_zuldazar_grongrevenant - https://wago.tools/files?search=achievement_boss_zuldazar_grongrevenant
Found fdid 2484333 for achievement_boss_zuldazar_grongrevenant
✓ Updated Achievement Zuldazar Grongrevenant with fdid: 2484333

Processing 1270/29724: Achievement Zuldazar Rastakhan (achievement_boss_zuldazar_rastakhan)
Fetching fdid for: achievement_boss_zuldazar_rastakhan - https://wago.tools/files?search=achievement_boss_zuldazar_rastakhan
Found fdid 2484340 for achievement_boss_zuldazar_rastakhan
✓ Updated Achievement Zuldazar Rastakhan with fdid: 2484340

Processing 1271/29724: Achievement Brewery (achievement_brewery)
Fetching fdid for: achievement_brewery - https://wago.tools/files?search=achievement_brewery
Found fdid 594272 for achievement_brewery
✓ Updated Achievement Brewery with fdid: 594272

Processing 1272/29724: Achievement Zuldazar Treasuregolem (achievement_boss_zuldazar_treasuregolem)
Fetching fdid for: achievement_boss_zuldazar_treasuregolem - https://wago.tools/files?search=achievement_boss_zuldazar_treasuregolem
Found fdid 2484341 for achievement_boss_zuldazar_treasuregolem
✓ Updated Achievement Zuldazar Treasuregolem with fdid: 2484341

Processing 1273/29724: Achievement Zuramat (achievement_boss_zuramat)
Fetching fdid for: achievement_boss_zuramat - https://wago.tools/files?search=achievement_boss_zuramat
Found fdid 298680 for achievement_boss_zuramat
✓ Updated Achievement Zuramat with fdid: 298680

Processing 1274/29724: Achievement Brewery 2 (achievement_brewery_2)
Fetching fdid for: achievement_brewery_2 - https://wago.tools/files?search=achievement_brewery_2
Found fdid 594274 for achievement_brewery_2
✓ Updated Achievement Brewery 2 with fdid: 594274

Processing 1275/29724: Achievement Brewery 4 (achievement_brewery_4)
Fetching fdid for: achievement_brewery_4 - https://wago.tools/files?search=achievement_brewery_4
Found fdid 594276 for achievement_brewery_4
✓ Updated Achievement Brewery 4 with fdid: 594276

Processing 1276/29724: Achievement Brewery 3 (achievement_brewery_3)
Fetching fdid for: achievement_brewery_3 - https://wago.tools/files?search=achievement_brewery_3
Found fdid 594275 for achievement_brewery_3
✓ Updated Achievement Brewery 3 with fdid: 594275

Processing 1277/29724: Achievement Challengemode Arakkoaspires Gold (achievement_challengemode_arakkoaspires_gold)
Fetching fdid for: achievement_challengemode_arakkoaspires_gold - https://wago.tools/files?search=achievement_challengemode_arakkoaspires_gold
Found fdid 1002573 for achievement_challengemode_arakkoaspires_gold
✓ Updated Achievement Challengemode Arakkoaspires Gold with fdid: 1002573

Processing 1278/29724: Achievement Challengemode Arakkoaspires Bronze (achievement_challengemode_arakkoaspires_bronze)
Fetching fdid for: achievement_challengemode_arakkoaspires_bronze - https://wago.tools/files?search=achievement_challengemode_arakkoaspires_bronze
Found fdid 1002572 for achievement_challengemode_arakkoaspires_bronze
✓ Updated Achievement Challengemode Arakkoaspires Bronze with fdid: 1002572

Processing 1279/29724: Achievement Brewery 1 (achievement_brewery_1)
Fetching fdid for: achievement_brewery_1 - https://wago.tools/files?search=achievement_brewery_1
Found fdid 594273 for achievement_brewery_1
✓ Updated Achievement Brewery 1 with fdid: 594273

Processing 1280/29724: Achievement Zuljin (achievement_boss_zuljin)
Fetching fdid for: achievement_boss_zuljin - https://wago.tools/files?search=achievement_boss_zuljin
Found fdid 236438 for achievement_boss_zuljin
✓ Updated Achievement Zuljin with fdid: 236438

Processing 1281/29724: Achievement Challengemode Arakkoaspires Silver (achievement_challengemode_arakkoaspires_silver)
Fetching fdid for: achievement_challengemode_arakkoaspires_silver - https://wago.tools/files?search=achievement_challengemode_arakkoaspires_silver
Found fdid 1002575 for achievement_challengemode_arakkoaspires_silver
✓ Updated Achievement Challengemode Arakkoaspires Silver with fdid: 1002575

Processing 1282/29724: Achievement Challengemode Arakkoaspires Hourglass (achievement_challengemode_arakkoaspires_hourglass)
Fetching fdid for: achievement_challengemode_arakkoaspires_hourglass - https://wago.tools/files?search=achievement_challengemode_arakkoaspires_hourglass
Found fdid 1002574 for achievement_challengemode_arakkoaspires_hourglass
✓ Updated Achievement Challengemode Arakkoaspires Hourglass with fdid: 1002574

Processing 1283/29724: Achievement Challengemode Auchindoun Hourglass (achievement_challengemode_auchindoun_hourglass)
Fetching fdid for: achievement_challengemode_auchindoun_hourglass - https://wago.tools/files?search=achievement_challengemode_auchindoun_hourglass
Found fdid 1002578 for achievement_challengemode_auchindoun_hourglass
✓ Updated Achievement Challengemode Auchindoun Hourglass with fdid: 1002578

Processing 1284/29724: Achievement Challengemode Blackrockdepot Gold (achievement_challengemode_blackrockdepot_gold)
Fetching fdid for: achievement_challengemode_blackrockdepot_gold - https://wago.tools/files?search=achievement_challengemode_blackrockdepot_gold
Found fdid 1002581 for achievement_challengemode_blackrockdepot_gold
✓ Updated Achievement Challengemode Blackrockdepot Gold with fdid: 1002581

Processing 1285/29724: Achievement Challengemode Auchindoun Silver (achievement_challengemode_auchindoun_silver)
Fetching fdid for: achievement_challengemode_auchindoun_silver - https://wago.tools/files?search=achievement_challengemode_auchindoun_silver
Found fdid 1002579 for achievement_challengemode_auchindoun_silver
✓ Updated Achievement Challengemode Auchindoun Silver with fdid: 1002579

Processing 1286/29724: Achievement Challengemode Blackrockdepot Bronze (achievement_challengemode_blackrockdepot_bronze)
Fetching fdid for: achievement_challengemode_blackrockdepot_bronze - https://wago.tools/files?search=achievement_challengemode_blackrockdepot_bronze
Found fdid 1002580 for achievement_challengemode_blackrockdepot_bronze
✓ Updated Achievement Challengemode Blackrockdepot Bronze with fdid: 1002580

Processing 1287/29724: Achievement Challengemode Auchindoun Bronze (achievement_challengemode_auchindoun_bronze)
Fetching fdid for: achievement_challengemode_auchindoun_bronze - https://wago.tools/files?search=achievement_challengemode_auchindoun_bronze
Found fdid 1002576 for achievement_challengemode_auchindoun_bronze
✓ Updated Achievement Challengemode Auchindoun Bronze with fdid: 1002576

Processing 1288/29724: Achievement Challengemode Blackrockdepot Silver (achievement_challengemode_blackrockdepot_silver)
Fetching fdid for: achievement_challengemode_blackrockdepot_silver - https://wago.tools/files?search=achievement_challengemode_blackrockdepot_silver
Found fdid 1002583 for achievement_challengemode_blackrockdepot_silver
✓ Updated Achievement Challengemode Blackrockdepot Silver with fdid: 1002583

Processing 1289/29724: Achievement Challengemode Blackrockdepot Hourglass (achievement_challengemode_blackrockdepot_hourglass)
Fetching fdid for: achievement_challengemode_blackrockdepot_hourglass - https://wago.tools/files?search=achievement_challengemode_blackrockdepot_hourglass
Found fdid 1002582 for achievement_challengemode_blackrockdepot_hourglass
✓ Updated Achievement Challengemode Blackrockdepot Hourglass with fdid: 1002582

Processing 1290/29724: Achievement Challengemode Auchindoun Gold (achievement_challengemode_auchindoun_gold)
Fetching fdid for: achievement_challengemode_auchindoun_gold - https://wago.tools/files?search=achievement_challengemode_auchindoun_gold
Found fdid 1002577 for achievement_challengemode_auchindoun_gold
✓ Updated Achievement Challengemode Auchindoun Gold with fdid: 1002577

Processing 1291/29724: Achievement Challengemode Everbloom Bronze (achievement_challengemode_everbloom_bronze)
Fetching fdid for: achievement_challengemode_everbloom_bronze - https://wago.tools/files?search=achievement_challengemode_everbloom_bronze
Found fdid 1052640 for achievement_challengemode_everbloom_bronze
✓ Updated Achievement Challengemode Everbloom Bronze with fdid: 1052640

Processing 1292/29724: Achievement Challengemode Blackrockdocks Hourglass (achievement_challengemode_blackrockdocks_hourglass)
Fetching fdid for: achievement_challengemode_blackrockdocks_hourglass - https://wago.tools/files?search=achievement_challengemode_blackrockdocks_hourglass
Found fdid 1003152 for achievement_challengemode_blackrockdocks_hourglass
✓ Updated Achievement Challengemode Blackrockdocks Hourglass with fdid: 1003152

Processing 1293/29724: Achievement Challengemode Everbloom Hourglass (achievement_challengemode_everbloom_hourglass)
Fetching fdid for: achievement_challengemode_everbloom_hourglass - https://wago.tools/files?search=achievement_challengemode_everbloom_hourglass
Found fdid 1052642 for achievement_challengemode_everbloom_hourglass
✓ Updated Achievement Challengemode Everbloom Hourglass with fdid: 1052642

Processing 1294/29724: Achievement Challengemode Bronze (achievement_challengemode_bronze)
Fetching fdid for: achievement_challengemode_bronze - https://wago.tools/files?search=achievement_challengemode_bronze
Found fdid 618857 for achievement_challengemode_bronze
✓ Updated Achievement Challengemode Bronze with fdid: 618857

Processing 1295/29724: Achievement Challengemode Gateofthesettingsun Bronze (achievement_challengemode_gateofthesettingsun_bronze)
Fetching fdid for: achievement_challengemode_gateofthesettingsun_bronze - https://wago.tools/files?search=achievement_challengemode_gateofthesettingsun_bronze
Found fdid 648737 for achievement_challengemode_gateofthesettingsun_bronze
✓ Updated Achievement Challengemode Gateofthesettingsun Bronze with fdid: 648737

Processing 1296/29724: Achievement Challengemode Blackrockdocks Gold (achievement_challengemode_blackrockdocks_gold)
Fetching fdid for: achievement_challengemode_blackrockdocks_gold - https://wago.tools/files?search=achievement_challengemode_blackrockdocks_gold
Found fdid 1003151 for achievement_challengemode_blackrockdocks_gold
✓ Updated Achievement Challengemode Blackrockdocks Gold with fdid: 1003151

Processing 1297/29724: Achievement Challengemode Blackrockdocks Silver (achievement_challengemode_blackrockdocks_silver)
Fetching fdid for: achievement_challengemode_blackrockdocks_silver - https://wago.tools/files?search=achievement_challengemode_blackrockdocks_silver
Found fdid 1003153 for achievement_challengemode_blackrockdocks_silver
✓ Updated Achievement Challengemode Blackrockdocks Silver with fdid: 1003153

Processing 1298/29724: Achievement Challengemode Everbloom Gold (achievement_challengemode_everbloom_gold)
Fetching fdid for: achievement_challengemode_everbloom_gold - https://wago.tools/files?search=achievement_challengemode_everbloom_gold
Found fdid 1052641 for achievement_challengemode_everbloom_gold
✓ Updated Achievement Challengemode Everbloom Gold with fdid: 1052641

Processing 1299/29724: Achievement Challengemode Everbloom Silver (achievement_challengemode_everbloom_silver)
Fetching fdid for: achievement_challengemode_everbloom_silver - https://wago.tools/files?search=achievement_challengemode_everbloom_silver
Found fdid 1052643 for achievement_challengemode_everbloom_silver
✓ Updated Achievement Challengemode Everbloom Silver with fdid: 1052643

Processing 1300/29724: Achievement Challengemode Blackrockdocks Bronze (achievement_challengemode_blackrockdocks_bronze)
Fetching fdid for: achievement_challengemode_blackrockdocks_bronze - https://wago.tools/files?search=achievement_challengemode_blackrockdocks_bronze
Found fdid 1003150 for achievement_challengemode_blackrockdocks_bronze
✓ Updated Achievement Challengemode Blackrockdocks Bronze with fdid: 1003150

--- Progress Update ---
Processed: 1300/29724
Success: 865, Errors: 0, Skipped: 0
Progress: 4.4%

Processing 1301/29724: Achievement Challengemode Gateofthesettingsun Platinum (achievement_challengemode_gateofthesettingsun_platinum)
Fetching fdid for: achievement_challengemode_gateofthesettingsun_platinum - https://wago.tools/files?search=achievement_challengemode_gateofthesettingsun_platinum
Found fdid 648740 for achievement_challengemode_gateofthesettingsun_platinum
✓ Updated Achievement Challengemode Gateofthesettingsun Platinum with fdid: 648740

Processing 1302/29724: Achievement Challengemode Gateofthesettingsun Silver (achievement_challengemode_gateofthesettingsun_silver)
Fetching fdid for: achievement_challengemode_gateofthesettingsun_silver - https://wago.tools/files?search=achievement_challengemode_gateofthesettingsun_silver
Found fdid 648741 for achievement_challengemode_gateofthesettingsun_silver
✓ Updated Achievement Challengemode Gateofthesettingsun Silver with fdid: 648741

Processing 1303/29724: Achievement Challengemode Gateofthesettingsun Gold (achievement_challengemode_gateofthesettingsun_gold)
Fetching fdid for: achievement_challengemode_gateofthesettingsun_gold - https://wago.tools/files?search=achievement_challengemode_gateofthesettingsun_gold
Found fdid 648738 for achievement_challengemode_gateofthesettingsun_gold
✓ Updated Achievement Challengemode Gateofthesettingsun Gold with fdid: 648738

Processing 1304/29724: Achievement Challengemode Mogushanpalace Bronze (achievement_challengemode_mogushanpalace_bronze)
Fetching fdid for: achievement_challengemode_mogushanpalace_bronze - https://wago.tools/files?search=achievement_challengemode_mogushanpalace_bronze
Found fdid 648742 for achievement_challengemode_mogushanpalace_bronze
✓ Updated Achievement Challengemode Mogushanpalace Bronze with fdid: 648742

Processing 1305/29724: Achievement Challengemode Gateofthesettingsun Hourglass (achievement_challengemode_gateofthesettingsun_hourglass)
Fetching fdid for: achievement_challengemode_gateofthesettingsun_hourglass - https://wago.tools/files?search=achievement_challengemode_gateofthesettingsun_hourglass
Found fdid 648739 for achievement_challengemode_gateofthesettingsun_hourglass
✓ Updated Achievement Challengemode Gateofthesettingsun Hourglass with fdid: 648739

Processing 1306/29724: Achievement Challengemode Mogushanpalace Hourglass (achievement_challengemode_mogushanpalace_hourglass)
Fetching fdid for: achievement_challengemode_mogushanpalace_hourglass - https://wago.tools/files?search=achievement_challengemode_mogushanpalace_hourglass
Found fdid 648744 for achievement_challengemode_mogushanpalace_hourglass
✓ Updated Achievement Challengemode Mogushanpalace Hourglass with fdid: 648744

Processing 1307/29724: Achievement Challengemode Mogushanpalace Silver (achievement_challengemode_mogushanpalace_silver)
Fetching fdid for: achievement_challengemode_mogushanpalace_silver - https://wago.tools/files?search=achievement_challengemode_mogushanpalace_silver
Found fdid 648746 for achievement_challengemode_mogushanpalace_silver
✓ Updated Achievement Challengemode Mogushanpalace Silver with fdid: 648746

Processing 1308/29724: Achievement Challengemode Mogushanpalace Gold (achievement_challengemode_mogushanpalace_gold)
Fetching fdid for: achievement_challengemode_mogushanpalace_gold - https://wago.tools/files?search=achievement_challengemode_mogushanpalace_gold
Found fdid 648743 for achievement_challengemode_mogushanpalace_gold
✓ Updated Achievement Challengemode Mogushanpalace Gold with fdid: 648743

Processing 1309/29724: Achievement Challengemode Mogushanpalace Platinum (achievement_challengemode_mogushanpalace_platinum)
Fetching fdid for: achievement_challengemode_mogushanpalace_platinum - https://wago.tools/files?search=achievement_challengemode_mogushanpalace_platinum
Found fdid 648745 for achievement_challengemode_mogushanpalace_platinum
✓ Updated Achievement Challengemode Mogushanpalace Platinum with fdid: 648745

Processing 1310/29724: Achievement Challengemode Gold (achievement_challengemode_gold)
Fetching fdid for: achievement_challengemode_gold - https://wago.tools/files?search=achievement_challengemode_gold
Found fdid 618858 for achievement_challengemode_gold
✓ Updated Achievement Challengemode Gold with fdid: 618858

Processing 1311/29724: Achievement Challengemode Scarlethalls Bronze (achievement_challengemode_scarlethalls_bronze)
Fetching fdid for: achievement_challengemode_scarlethalls_bronze - https://wago.tools/files?search=achievement_challengemode_scarlethalls_bronze
Found fdid 648747 for achievement_challengemode_scarlethalls_bronze
✓ Updated Achievement Challengemode Scarlethalls Bronze with fdid: 648747

Processing 1312/29724: Achievement Challengemode Platinum (achievement_challengemode_platinum)
Fetching fdid for: achievement_challengemode_platinum - https://wago.tools/files?search=achievement_challengemode_platinum
Found fdid 618859 for achievement_challengemode_platinum
✓ Updated Achievement Challengemode Platinum with fdid: 618859

Processing 1313/29724: Achievement Challengemode Scarlethalls Gold (achievement_challengemode_scarlethalls_gold)
Fetching fdid for: achievement_challengemode_scarlethalls_gold - https://wago.tools/files?search=achievement_challengemode_scarlethalls_gold
Found fdid 648748 for achievement_challengemode_scarlethalls_gold
✓ Updated Achievement Challengemode Scarlethalls Gold with fdid: 648748

Processing 1314/29724: Achievement Challengemode Scarlethalls Hourglass (achievement_challengemode_scarlethalls_hourglass)
Fetching fdid for: achievement_challengemode_scarlethalls_hourglass - https://wago.tools/files?search=achievement_challengemode_scarlethalls_hourglass
Found fdid 648749 for achievement_challengemode_scarlethalls_hourglass
✓ Updated Achievement Challengemode Scarlethalls Hourglass with fdid: 648749

Processing 1315/29724: Achievement Challengemode Ogreslagmines Hourglass (achievement_challengemode_ogreslagmines_hourglass)
Fetching fdid for: achievement_challengemode_ogreslagmines_hourglass - https://wago.tools/files?search=achievement_challengemode_ogreslagmines_hourglass
Found fdid 1002586 for achievement_challengemode_ogreslagmines_hourglass
✓ Updated Achievement Challengemode Ogreslagmines Hourglass with fdid: 1002586

Processing 1316/29724: Achievement Challengemode Scarlethalls Silver (achievement_challengemode_scarlethalls_silver)
Fetching fdid for: achievement_challengemode_scarlethalls_silver - https://wago.tools/files?search=achievement_challengemode_scarlethalls_silver
Found fdid 648751 for achievement_challengemode_scarlethalls_silver
✓ Updated Achievement Challengemode Scarlethalls Silver with fdid: 648751

Processing 1317/29724: Achievement Challengemode Ogreslagmines Bronze (achievement_challengemode_ogreslagmines_bronze)
Fetching fdid for: achievement_challengemode_ogreslagmines_bronze - https://wago.tools/files?search=achievement_challengemode_ogreslagmines_bronze
Found fdid 1002584 for achievement_challengemode_ogreslagmines_bronze
✓ Updated Achievement Challengemode Ogreslagmines Bronze with fdid: 1002584

Processing 1318/29724: Achievement Challengemode Scarlethalls Platinum (achievement_challengemode_scarlethalls_platinum)
Fetching fdid for: achievement_challengemode_scarlethalls_platinum - https://wago.tools/files?search=achievement_challengemode_scarlethalls_platinum
Found fdid 648750 for achievement_challengemode_scarlethalls_platinum
✓ Updated Achievement Challengemode Scarlethalls Platinum with fdid: 648750
